datetime,text,retweet_count,reply_count,like_count
2022-01-28 23:59:59+00:00,"Wordle 223 5/6

â¬›â¬›â¬›â¬›â¬›
ğŸŸ¨ğŸŸ©â¬›â¬›â¬›
â¬›ğŸŸ©ğŸŸ©â¬›â¬›
â¬›ğŸŸ©ğŸŸ©ğŸŸ©ğŸŸ©
ğŸŸ©ğŸŸ©ğŸŸ©ğŸŸ©ğŸŸ©",0,0,1
2022-01-28 23:59:58+00:00,"Wordle 224 5/6

â¬œğŸŸ¨â¬œâ¬œğŸŸ¨
ğŸŸ¨ğŸŸ©â¬œğŸŸ¨â¬œ
â¬œğŸŸ©ğŸŸ©â¬œğŸŸ©
â¬œğŸŸ©ğŸŸ©ğŸŸ©ğŸŸ©
ğŸŸ©ğŸŸ©ğŸŸ©ğŸŸ©ğŸŸ©",0,0,0
2022-01-28 23:59:58+00:00,"Wordle 224 4/6*

â¬œğŸŸ¨â¬œâ¬œğŸŸ¨
â¬œğŸŸ©ğŸŸ©â¬œğŸŸ©
â¬œğŸŸ©ğŸŸ©ğŸŸ©ğŸŸ©
ğŸŸ©ğŸŸ©ğŸŸ©ğŸŸ©ğŸŸ©

Phew!",0,1,1
2022-01-28 23:59:58+00:00,"Wordle 224 5/6

â¬œğŸŸ©ğŸŸ©â¬œâ¬œ
â¬œğŸŸ¨ğŸŸ¨â¬œâ¬œ
ğŸŸ¨ğŸŸ©ğŸŸ©â¬œâ¬œ
â¬œğŸŸ©ğŸŸ©â¬œğŸŸ©
ğŸŸ©ğŸŸ©ğŸŸ©ğŸŸ©ğŸŸ©",0,0,1
2022-01-28 23:59:57+00:00,"@Sako_506 Wordle (ES) #22 2/6

â¬œâ¬œğŸŸ©ğŸŸ¨ğŸŸ©
ğŸŸ©ğŸŸ©ğŸŸ©ğŸŸ©ğŸŸ©

https://t.co/jxRlY1eppa 

ğŸ‘€",0,1,0
2022-01-28 23:59:57+00:00,"Wordle 223 4/6

EZ

ğŸŸ©ğŸŸ©â¬›â¬›â¬›
ğŸŸ©ğŸŸ©â¬›â¬›â¬›
ğŸŸ©ğŸŸ©ğŸŸ©ğŸŸ©â¬›
ğŸŸ©ğŸŸ©ğŸŸ©ğŸŸ©ğŸŸ©",0,0,0
2022-01-28 23:59:56+00:00,"Wordle 224 5/6

â¬›ğŸŸ©ğŸŸ©â¬›â¬›
â¬›ğŸŸ©ğŸŸ©â¬›â¬›
ğŸŸ¨ğŸŸ©ğŸŸ©ğŸŸ©â¬›
â¬›ğŸŸ©ğŸŸ©ğŸŸ©ğŸŸ©
ğŸŸ©ğŸŸ©ğŸŸ©ğŸŸ©ğŸŸ©",0,0,0
2022-01-28 23:59:56+00:00,"Wordle 223 2/6

â¬›ğŸŸ¨ğŸŸ¨â¬›ğŸŸ¨
ğŸŸ©ğŸŸ©ğŸŸ©ğŸŸ©ğŸŸ© â¦@amyharrington24â© full credit",0,0,0
2022-01-28 23:59:56+00:00,"Wordle 224 5/6 nice try for 1st time

â¬œâ¬œâ¬œâ¬œâ¬œ
ğŸŸ¨â¬œâ¬œâ¬œâ¬œ
ğŸŸ©â¬œâ¬œğŸŸ©â¬œ
ğŸŸ©ğŸŸ©â¬œğŸŸ©â¬œ
ğŸŸ©ğŸŸ©ğŸŸ©ğŸŸ©ğŸŸ©",0,0,0
2022-01-28 23:59:56+00:00,"Wordle 223 5/6
Close one
ğŸŸ¨â¬œâ¬œâ¬œğŸŸ¨
â¬œğŸŸ¨â¬œâ¬œğŸŸ¨
â¬œâ¬œâ¬œğŸŸ¨ğŸŸ¨
â¬œğŸŸ©ğŸŸ©â¬œğŸŸ©
ğŸŸ©ğŸŸ©ğŸŸ©ğŸŸ©ğŸŸ©",0,0,0
2022-01-28 23:59:56+00:00,"Wordle 223 3/6

â¬œğŸŸ©â¬œâ¬œâ¬œ
ğŸŸ¨ğŸŸ©ğŸŸ¨â¬œğŸŸ©
ğŸŸ©ğŸŸ©ğŸŸ©ğŸŸ©ğŸŸ©",0,0,1
2022-01-28 23:59:54+00:00,"Wordle 224 4/6

â¬›ğŸŸ©ğŸŸ¨â¬›â¬›
ğŸŸ¨â¬›â¬›ğŸŸ¨â¬›
ğŸŸ¨ğŸŸ¨ğŸŸ¨â¬›â¬›
ğŸŸ©ğŸŸ©ğŸŸ©ğŸŸ©ğŸŸ©",0,0,0
2022-01-28 23:59:54+00:00,"@NaizuArt Wordle (ES) #22 2/6 

â¬›ğŸŸ©ğŸŸ¨ğŸŸ©â¬› 
ğŸŸ©ğŸŸ©ğŸŸ©ğŸŸ©ğŸŸ© 

https://t.co/FnltVMYAoJ",0,1,1
2022-01-28 23:59:54+00:00,"Wordle 224 4/6

â¬œâ¬œâ¬œâ¬œâ¬œ
â¬œâ¬œğŸŸ¨ğŸŸ¨â¬œ
ğŸŸ¨ğŸŸ©â¬œğŸŸ¨â¬œ
ğŸŸ©ğŸŸ©ğŸŸ©ğŸŸ©ğŸŸ©",0,0,0
2022-01-28 23:59:53+00:00,"Wordle 223 4/6
My first three guesses were crap. So I guessed on my fourth.ğŸ˜³
â¬œâ¬œâ¬œâ¬œğŸŸ¨
â¬œâ¬œâ¬œğŸŸ¨ğŸŸ¨
â¬œğŸŸ¨ğŸŸ¨â¬œâ¬œ
ğŸŸ©ğŸŸ©ğŸŸ©ğŸŸ©ğŸŸ©",0,0,0
2022-01-28 23:59:53+00:00,"Wordle 223 6/6

â¬›ğŸŸ©â¬›ğŸŸ¨â¬›
ğŸŸ¨ğŸŸ©â¬›â¬›â¬›
â¬›ğŸŸ©â¬›â¬›â¬›
ğŸŸ©ğŸŸ©â¬›â¬›ğŸŸ©
ğŸŸ©ğŸŸ©ğŸŸ©â¬›ğŸŸ©
ğŸŸ©ğŸŸ©ğŸŸ©ğŸŸ©ğŸŸ©

Brain meat on swole wole for this one",0,0,2
2022-01-28 23:59:51+00:00,"Wordle 224 4/6

â¬œâ¬œâ¬œğŸŸ¨â¬œ
â¬œâ¬œğŸŸ¨â¬œâ¬œ
â¬œğŸŸ¨ğŸŸ¨â¬œâ¬œ
ğŸŸ©ğŸŸ©ğŸŸ©ğŸŸ©ğŸŸ©",0,0,0
2022-01-28 23:59:50+00:00,"Wordle 224 3/6

â¬œâ¬œâ¬œğŸŸ©â¬œ
â¬œâ¬œğŸŸ¨ğŸŸ©â¬œ
ğŸŸ©ğŸŸ©ğŸŸ©ğŸŸ©ğŸŸ©",0,0,0
2022-01-28 23:59:49+00:00,"Wordle 224 5/6

â¬›â¬›â¬›ğŸŸ©â¬›
â¬›â¬›â¬›ğŸŸ©â¬›
â¬›ğŸŸ¨â¬›ğŸŸ©â¬›
â¬›ğŸŸ©ğŸŸ©â¬›ğŸŸ©
ğŸŸ©ğŸŸ©ğŸŸ©ğŸŸ©ğŸŸ©

Lutang moments",0,0,0
2022-01-28 23:59:48+00:00,"Well done me!

Wordle 223 4/6

â¬›â¬›â¬›ğŸŸ¨ğŸŸ¨
ğŸŸ¨ğŸŸ©â¬›â¬›â¬›
â¬›ğŸŸ©â¬›â¬›ğŸŸ¨
ğŸŸ©ğŸŸ©ğŸŸ©ğŸŸ©ğŸŸ©

#wordle223",0,0,0
2022-01-28 23:59:48+00:00,"Wordle 223 X/6

ğŸŸ©ğŸŸ¨â¬›â¬›ğŸŸ¨
ğŸŸ¨â¬›â¬›ğŸŸ¨â¬›
ğŸŸ©ğŸŸ¨â¬›â¬›â¬›
â¬›ğŸŸ¨â¬›â¬›â¬›
â¬›â¬›â¬›â¬›â¬›
â¬›ğŸŸ¨â¬›â¬›â¬›",0,0,0
2022-01-28 23:59:48+00:00,"Wordle 224 5/6

â¬œğŸŸ©ğŸŸ©â¬œâ¬œ
â¬œğŸŸ©ğŸŸ©â¬œâ¬œ
â¬œğŸŸ©ğŸŸ©ğŸŸ©â¬œ
ğŸŸ¨ğŸŸ©ğŸŸ©ğŸŸ©â¬œ
ğŸŸ©ğŸŸ©ğŸŸ©ğŸŸ©ğŸŸ©",0,0,0
2022-01-28 23:59:48+00:00,"Wordle 224 3/6

â¬›ğŸŸ©â¬›â¬›â¬›
â¬›ğŸŸ©ğŸŸ©â¬›ğŸŸ©
ğŸŸ©ğŸŸ©ğŸŸ©ğŸŸ©ğŸŸ©",0,0,1
2022-01-28 23:59:47+00:00,"Wordle 223 6/6

â¬œâ¬œâ¬œğŸŸ¨â¬œ
ğŸŸ¨ğŸŸ©â¬œâ¬œâ¬œ
â¬œğŸŸ©â¬œğŸŸ¨â¬œ
â¬œğŸŸ©ğŸŸ©â¬œâ¬œ
â¬œğŸŸ©ğŸŸ©ğŸŸ©ğŸŸ©
ğŸŸ©ğŸŸ©ğŸŸ©ğŸŸ©ğŸŸ©",0,0,0
2022-01-28 23:59:47+00:00,A minute to Wordleâ€¦,0,0,0
2022-01-28 23:59:47+00:00,"@elleduncanESPN complaining about different types of posts on social media is my 13th reasonâ€¦every day we stray further from God ğŸ¤¦â€â™‚ï¸, I agree with the wordle one though I guess",0,0,0
2022-01-28 23:59:47+00:00,"My first wordle ğŸ˜‡

â¬›ï¸ğŸŸ¨â¬›ï¸â¬›ï¸â¬›ï¸
ğŸŸ¨â¬›ï¸â¬›ï¸ğŸŸ©â¬›ï¸
â¬›ï¸ğŸŸ¨ğŸŸ©ğŸŸ©â¬›ï¸
ğŸŸ©ğŸŸ©ğŸŸ©ğŸŸ©ğŸŸ©",0,1,2
2022-01-28 23:59:47+00:00,"Wordle 223 5/6

â¬›ğŸŸ¨ğŸŸ¨â¬›â¬›
ğŸŸ¨â¬›â¬›ğŸŸ¨â¬›
ğŸŸ©ğŸŸ¨â¬›â¬›ğŸŸ¨
ğŸŸ©â¬›ğŸŸ©ğŸŸ¨â¬›
ğŸŸ©ğŸŸ©ğŸŸ©ğŸŸ©ğŸŸ©",0,0,0
2022-01-28 23:59:46+00:00,"Wordle 224 5/6*

â¬›â¬›â¬›â¬›â¬›
ğŸŸ©ğŸŸ©â¬›â¬›â¬›
ğŸŸ©ğŸŸ©ğŸŸ©â¬›â¬›
ğŸŸ©ğŸŸ©ğŸŸ©â¬›â¬›
ğŸŸ©ğŸŸ©ğŸŸ©ğŸŸ©ğŸŸ©",0,0,0
2022-01-28 23:59:45+00:00,"Wordle 224 3/6

â¬›â¬›â¬›ğŸŸ¨ğŸŸ©
â¬›ğŸŸ©ğŸŸ©â¬›ğŸŸ©
ğŸŸ©ğŸŸ©ğŸŸ©ğŸŸ©ğŸŸ©",0,0,0
2022-01-28 23:59:45+00:00,"Wordle 223 4/6

â¬›â¬›â¬›â¬›â¬›
ğŸŸ©â¬›ğŸŸ©â¬›â¬›
ğŸŸ©â¬›ğŸŸ©â¬›ğŸŸ¨
ğŸŸ©ğŸŸ©ğŸŸ©ğŸŸ©ğŸŸ©",0,0,1
2022-01-28 23:59:45+00:00,"Wordle 223 5/6

ğŸŸ¨ğŸŸ©â¬›â¬›ğŸŸ©
â¬›ğŸŸ©ğŸŸ©â¬›ğŸŸ©
â¬›ğŸŸ©ğŸŸ©â¬›ğŸŸ©
â¬›ğŸŸ©ğŸŸ©ğŸŸ©ğŸŸ©
ğŸŸ©ğŸŸ©ğŸŸ©ğŸŸ©ğŸŸ©ugh.",0,1,1
2022-01-28 23:59:45+00:00,"@prasanth_j Wordle 223 4/6

â¬›ğŸŸ©â¬›â¬›ğŸŸ©
â¬›ğŸŸ©â¬›ğŸŸ¨ğŸŸ©
â¬›ğŸŸ©ğŸŸ©ğŸŸ©ğŸŸ©
ğŸŸ©ğŸŸ©ğŸŸ©ğŸŸ©ğŸŸ©",0,0,1
2022-01-28 23:59:45+00:00,"Wordle 224 5/6

â¬œâ¬œâ¬œâ¬œâ¬œ
ğŸŸ¨â¬œğŸŸ¨â¬œğŸŸ¨
ğŸŸ¨ğŸŸ¨â¬œâ¬œâ¬œ
â¬œğŸŸ©ğŸŸ©ğŸŸ©ğŸŸ©
ğŸŸ©ğŸŸ©ğŸŸ©ğŸŸ©ğŸŸ©",0,1,0
2022-01-28 23:59:44+00:00,"Wordle 224 4/6

â¬›â¬›ğŸŸ¨â¬›â¬›
ğŸŸ¨â¬›â¬›â¬›ğŸŸ¨
ğŸŸ¨ğŸŸ¨â¬›â¬›â¬›
ğŸŸ©ğŸŸ©ğŸŸ©ğŸŸ©ğŸŸ©",0,0,1
2022-01-28 23:59:44+00:00,"Wordle 224 4/6

â¬œğŸŸ¨ğŸŸ¨â¬œğŸŸ¨
ğŸŸ¨ğŸŸ©ğŸŸ©â¬œâ¬œ
â¬œğŸŸ©ğŸŸ©â¬œğŸŸ©
ğŸŸ©ğŸŸ©ğŸŸ©ğŸŸ©ğŸŸ©",0,0,0
2022-01-28 23:59:43+00:00,"Wordle 224 6/6

â¬œâ¬œâ¬œâ¬œğŸŸ©
â¬œğŸŸ¨â¬œâ¬œğŸŸ©
â¬œğŸŸ©ğŸŸ¨â¬œğŸŸ©
ğŸŸ¨ğŸŸ©â¬œâ¬œğŸŸ©
â¬œğŸŸ©ğŸŸ©ğŸŸ©ğŸŸ©
ğŸŸ©ğŸŸ©ğŸŸ©ğŸŸ©ğŸŸ©",0,0,0
2022-01-28 23:59:43+00:00,"I get that some of you are annoyed by Wordle, but may I present the argument that people are having fun with it and itâ€™s harmless fun at that, and Iâ€™d much rather see green and yellow squares in my timeline than more tweets and fights about our impending doom? ğŸ˜˜",0,0,11
2022-01-28 23:59:43+00:00,"That was stressful

Wordle 224 6/6

â¬œâ¬œâ¬œâ¬œâ¬œ
â¬œğŸŸ©â¬œâ¬œâ¬œ
â¬œğŸŸ©â¬œğŸŸ¨â¬œ
â¬œğŸŸ©ğŸŸ©â¬œğŸŸ©
â¬œğŸŸ©ğŸŸ©ğŸŸ©ğŸŸ©
ğŸŸ©ğŸŸ©ğŸŸ©ğŸŸ©ğŸŸ©",0,0,2
2022-01-28 23:59:42+00:00,"Wordle 224 3/6

â¬œğŸŸ¨ğŸŸ¨â¬œâ¬œ
ğŸŸ©ğŸŸ©ğŸŸ¨ğŸŸ¨â¬œ
ğŸŸ©ğŸŸ©ğŸŸ©ğŸŸ©ğŸŸ©",0,0,0
2022-01-28 23:59:42+00:00,"Wordle 224 5/6

ğŸŸ¨â¬›â¬›â¬›â¬›
â¬›ğŸŸ©ğŸŸ©â¬›â¬›
â¬›ğŸŸ©ğŸŸ©â¬›â¬›
â¬›ğŸŸ©ğŸŸ©â¬›ğŸŸ©
ğŸŸ©ğŸŸ©ğŸŸ©ğŸŸ©ğŸŸ©",0,0,0
2022-01-28 23:59:42+00:00,"Wordle 224 4/6

â¬›â¬›ğŸŸ¨â¬›â¬›
â¬›â¬›â¬›ğŸŸ¨â¬›
â¬›ğŸŸ©â¬›ğŸŸ©â¬›
ğŸŸ©ğŸŸ©ğŸŸ©ğŸŸ©ğŸŸ©",0,0,0
2022-01-28 23:59:42+00:00,"Wordle 224 5/6

â¬œâ¬œâ¬œâ¬œâ¬œ
â¬œğŸŸ©ğŸŸ©â¬œâ¬œ
â¬œğŸŸ©ğŸŸ©â¬œğŸŸ©
â¬œğŸŸ©ğŸŸ©ğŸŸ©ğŸŸ©
ğŸŸ©ğŸŸ©ğŸŸ©ğŸŸ©ğŸŸ©",0,0,0
2022-01-28 23:59:42+00:00,"Wordle 224 2/6

â¬›â¬›â¬›ğŸŸ©â¬›
ğŸŸ©ğŸŸ©ğŸŸ©ğŸŸ©ğŸŸ©",0,0,0
2022-01-28 23:59:41+00:00,"Wordle 224 4/6

â¬›â¬›ğŸŸ¨â¬›â¬›
â¬›ğŸŸ©ğŸŸ¨â¬›ğŸŸ©
â¬›ğŸŸ©ğŸŸ©â¬›ğŸŸ©
ğŸŸ©ğŸŸ©ğŸŸ©ğŸŸ©ğŸŸ©",0,0,0
2022-01-28 23:59:41+00:00,"ğŸ‘ğŸ¼ Wordle 223 5/6

â¬›â¬›â¬›â¬›ğŸŸ¨
â¬›ğŸŸ¨ğŸŸ¨â¬›â¬›
â¬›ğŸŸ©â¬›â¬›ğŸŸ¨
ğŸŸ©ğŸŸ©ğŸŸ©â¬›â¬›
ğŸŸ©ğŸŸ©ğŸŸ©ğŸŸ©ğŸŸ©",0,0,1
2022-01-28 23:59:41+00:00,"Wordle 224 3/6

â¬œâ¬œâ¬œğŸŸ©â¬œ
â¬œğŸŸ©â¬œğŸŸ©ğŸŸ©
ğŸŸ©ğŸŸ©ğŸŸ©ğŸŸ©ğŸŸ©",1,0,10
2022-01-28 23:59:41+00:00,"Wordle (ES) #22 4/6

â¬œâ¬œâ¬œğŸŸ¨â¬œ
â¬œğŸŸ¨ğŸŸ¨ğŸŸ©ğŸŸ¨
â¬œğŸŸ¨ğŸŸ¨ğŸŸ©ğŸŸ©
ğŸŸ©ğŸŸ©ğŸŸ©ğŸŸ©ğŸŸ©

 https://t.co/SyH4e5kDHN",0,0,0
2022-01-28 23:59:41+00:00,"Crappy
Wordle 224 6/6

â¬›â¬›ğŸŸ¨â¬›â¬›
â¬›ğŸŸ©ğŸŸ¨â¬›â¬›
â¬›ğŸŸ©ğŸŸ¨â¬›ğŸŸ¨
â¬›ğŸŸ©â¬›â¬›ğŸŸ¨
ğŸŸ©ğŸŸ©â¬›ğŸŸ©â¬›
ğŸŸ©ğŸŸ©ğŸŸ©ğŸŸ©ğŸŸ©",0,0,0
2022-01-28 23:59:38+00:00,"Wordle 224 3/6

â¬œâ¬œâ¬œğŸŸ©â¬œ
â¬œğŸŸ©ğŸŸ©ğŸŸ©ğŸŸ©
ğŸŸ©ğŸŸ©ğŸŸ©ğŸŸ©ğŸŸ©",0,0,0
2022-01-28 23:59:37+00:00,@rebeccajpowell Got the right one? https://t.co/hJuge7APan,0,1,0
2022-01-28 23:59:37+00:00,"@radhunair What a toughieâ€¦I almost gave up! Wordle 223 5/6

â¬œâ¬œğŸŸ¨â¬œâ¬œ
ğŸŸ¨â¬œâ¬œâ¬œğŸŸ¨
â¬œâ¬œğŸŸ¨â¬œğŸŸ¨
â¬œğŸŸ©ğŸŸ©ğŸŸ©ğŸŸ©
ğŸŸ©ğŸŸ©ğŸŸ©ğŸŸ©ğŸŸ©",0,0,1
2022-01-28 23:59:37+00:00,"gg ez
Wordle 223 4/6

ğŸŸ©ğŸŸ©â¬›â¬›â¬›
ğŸŸ©ğŸŸ©â¬›â¬›â¬›
ğŸŸ©ğŸŸ©ğŸŸ©â¬›ğŸŸ©
ğŸŸ©ğŸŸ©ğŸŸ©ğŸŸ©ğŸŸ©",0,1,0
2022-01-28 23:59:36+00:00,"Wordle 224 5/6

â¬›ğŸŸ¨â¬›â¬›â¬›
â¬›ğŸŸ¨ğŸŸ©â¬›â¬›
â¬›â¬›ğŸŸ©ğŸŸ©â¬›
â¬›â¬›ğŸŸ©ğŸŸ©â¬›
ğŸŸ©ğŸŸ©ğŸŸ©ğŸŸ©ğŸŸ©",0,0,0
2022-01-28 23:59:36+00:00,"Wordle 224 4/6

â¬œâ¬œâ¬œâ¬œâ¬œ
ğŸŸ©â¬œğŸŸ¨â¬œâ¬œ
ğŸŸ©ğŸŸ©â¬œâ¬œâ¬œ
ğŸŸ©ğŸŸ©ğŸŸ©ğŸŸ©ğŸŸ©",0,0,1
2022-01-28 23:59:34+00:00,"@danilic Tough one

Wordle 224 3/6

ğŸŸ¨ğŸŸ¨â¬›â¬›â¬›
â¬›ğŸŸ©ğŸŸ©ğŸŸ©ğŸŸ©
ğŸŸ©ğŸŸ©ğŸŸ©ğŸŸ©ğŸŸ©",0,0,0
2022-01-28 23:59:34+00:00,"Wordle 222 3/6

â¬›â¬›â¬›â¬›ğŸŸ©
â¬›ğŸŸ©â¬›ğŸŸ©ğŸŸ©
ğŸŸ©ğŸŸ©ğŸŸ©ğŸŸ©ğŸŸ©

Forgot to post this yesterday. The fastest Iâ€™ve gotten it done.",0,0,0
2022-01-28 23:59:34+00:00,"@melkettle I knew it was *something* ending in ****, just took a while to guess right! ğŸ˜‚ 

Wordle 224 5/6

â¬œâ¬œâ¬œâ¬œâ¬œ
â¬œâ¬œğŸŸ¨ğŸŸ¨ğŸŸ©
â¬œğŸŸ©ğŸŸ©ğŸŸ©ğŸŸ©
â¬œğŸŸ©ğŸŸ©ğŸŸ©ğŸŸ©
ğŸŸ©ğŸŸ©ğŸŸ©ğŸŸ©ğŸŸ©",0,0,1
2022-01-28 23:59:34+00:00,"Wordle 223 4/6

â¬›â¬›â¬›â¬›â¬›
â¬›â¬›ğŸŸ¨ğŸŸ¨â¬›
â¬›ğŸŸ¨â¬›ğŸŸ©ğŸŸ¨
ğŸŸ©ğŸŸ©ğŸŸ©ğŸŸ©ğŸŸ©",0,0,1
2022-01-28 23:59:34+00:00,"Wordle 224 3/6

â¬›â¬›â¬›â¬›â¬›
ğŸŸ¨ğŸŸ©ğŸŸ¨ğŸŸ¨â¬›
ğŸŸ©ğŸŸ©ğŸŸ©ğŸŸ©ğŸŸ©",0,0,0
2022-01-28 23:59:34+00:00,"Wordle 224 3/6

â¬œâ¬œâ¬œâ¬œâ¬œ
ğŸŸ©â¬œâ¬œğŸŸ©ğŸŸ©
ğŸŸ©ğŸŸ©ğŸŸ©ğŸŸ©ğŸŸ©",0,0,0
2022-01-28 23:59:33+00:00,"Wordle 224 3/6

ğŸŸ¨â¬œâ¬œâ¬œâ¬œ
ğŸŸ©ğŸŸ©ğŸŸ©â¬œâ¬œ
ğŸŸ©ğŸŸ©ğŸŸ©ğŸŸ©ğŸŸ©",0,0,0
2022-01-28 23:59:32+00:00,"Wordle 223 5/6

â¬œğŸŸ©â¬œâ¬œâ¬œ
ğŸŸ¨ğŸŸ©â¬œğŸŸ¨â¬œ
ğŸŸ¨ğŸŸ©â¬œâ¬œâ¬œ
â¬œğŸŸ©â¬œâ¬œğŸŸ©
ğŸŸ©ğŸŸ©ğŸŸ©ğŸŸ©ğŸŸ©",0,0,0
2022-01-28 23:59:31+00:00,"Wordle (ES) #22 5/6

â¬œâ¬œâ¬œğŸŸ¨ğŸŸ©
â¬œğŸŸ¨â¬œâ¬œğŸŸ©
â¬œâ¬œğŸŸ©ğŸŸ¨ğŸŸ©
ğŸŸ©â¬œğŸŸ©â¬œğŸŸ©
ğŸŸ©ğŸŸ©ğŸŸ©ğŸŸ©ğŸŸ©

https://t.co/cd8hCQakqj",0,0,0
2022-01-28 23:59:31+00:00,@TwistNHook @atomsareenough You just love his Wordle scores.,0,1,0
2022-01-28 23:59:31+00:00,"Wordle 224 2/6

ğŸŸ¨â¬›â¬›ğŸŸ¨â¬›
ğŸŸ©ğŸŸ©ğŸŸ©ğŸŸ©ğŸŸ©

first try??",0,1,1
2022-01-28 23:59:30+00:00,Wordle is fun! It's like mastermind but instead of four pegs it's five letters. And here I was wondering why the hell people kept tweeting green and white boxes..,0,0,0
2022-01-28 23:59:29+00:00,"Wordle 223 5/6

â¬›ğŸŸ¨â¬›â¬›â¬›
â¬›â¬›â¬›â¬›ğŸŸ©
â¬›â¬›ğŸŸ©â¬›ğŸŸ©
ğŸŸ©â¬›ğŸŸ©ğŸŸ©ğŸŸ©
ğŸŸ©ğŸŸ©ğŸŸ©ğŸŸ©ğŸŸ©

Meh",0,0,1
2022-01-28 23:59:28+00:00,"Wordle 224 3/6

â¬›â¬›â¬›â¬›â¬›
ğŸŸ©ğŸŸ¨ğŸŸ¨ğŸŸ¨ğŸŸ©
ğŸŸ©ğŸŸ©ğŸŸ©ğŸŸ©ğŸŸ©",0,0,0
2022-01-28 23:59:28+00:00,"Wordle (ES) #22 5/6

â¬›â¬›ğŸŸ¨â¬›ğŸŸ©
ğŸŸ¨ğŸŸ©â¬›â¬›ğŸŸ©
â¬›ğŸŸ©â¬›ğŸŸ©ğŸŸ©
â¬›ğŸŸ©ğŸŸ¨ğŸŸ©ğŸŸ©
ğŸŸ©ğŸŸ©ğŸŸ©ğŸŸ©ğŸŸ©

https://t.co/SNS6PlJ8hI",0,0,0
2022-01-28 23:59:28+00:00,@ccrichton @Ka20Ce Catherine do you have shares in wordle?,0,2,1
2022-01-28 23:59:27+00:00,"Wordle 224 5/6

â¬œâ¬œâ¬œâ¬œğŸŸ¨
â¬œğŸŸ©ğŸŸ¨â¬œâ¬œ
ğŸŸ¨ğŸŸ©â¬œâ¬œâ¬œ
â¬œğŸŸ©ğŸŸ¨â¬œğŸŸ¨
ğŸŸ©ğŸŸ©ğŸŸ©ğŸŸ©ğŸŸ©",0,0,0
2022-01-28 23:59:27+00:00,"Wordle 224 3/6

â¬›â¬›ğŸŸ¨â¬›â¬›
ğŸŸ©ğŸŸ¨ğŸŸ¨ğŸŸ¨ğŸŸ©
ğŸŸ©ğŸŸ©ğŸŸ©ğŸŸ©ğŸŸ©",0,0,0
2022-01-28 23:59:27+00:00,"Wordle 224 4/6

â¬›â¬›â¬›â¬›â¬›
â¬›ğŸŸ©ğŸŸ©â¬›ğŸŸ©
â¬›ğŸŸ©ğŸŸ©ğŸŸ©ğŸŸ©
ğŸŸ©ğŸŸ©ğŸŸ©ğŸŸ©ğŸŸ© 

No kuning ğŸ˜",0,1,0
2022-01-28 23:59:26+00:00,"@WFKARS Same panic.

Wordle 223 6/6*

â¬›ğŸŸ¨â¬›â¬›ğŸŸ¨
â¬›â¬›â¬›ğŸŸ¨ğŸŸ¨
ğŸŸ¨ğŸŸ©â¬›â¬›â¬›
â¬›ğŸŸ©ğŸŸ©â¬›ğŸŸ©
â¬›ğŸŸ©ğŸŸ©ğŸŸ©ğŸŸ©
ğŸŸ©ğŸŸ©ğŸŸ©ğŸŸ©ğŸŸ©",0,0,0
2022-01-28 23:59:26+00:00,"Wordle 224 5/6

â¬›ğŸŸ¨ğŸŸ¨â¬›ğŸŸ¨
â¬›â¬›â¬›â¬›â¬›
â¬›ğŸŸ©ğŸŸ©â¬›ğŸŸ©
â¬›ğŸŸ©â¬›ğŸŸ©â¬›
ğŸŸ©ğŸŸ©ğŸŸ©ğŸŸ©ğŸŸ©",0,0,1
2022-01-28 23:59:26+00:00,"Wordle 223 5/6

â¬›â¬›â¬›â¬›â¬›
ğŸŸ¨â¬›â¬›â¬›ğŸŸ¨
â¬›â¬›â¬›ğŸŸ©â¬›
â¬›ğŸŸ©â¬›â¬›ğŸŸ©
ğŸŸ©ğŸŸ©ğŸŸ©ğŸŸ©ğŸŸ©",0,1,0
2022-01-28 23:59:26+00:00,"This one was a bit too close to lewdle LOL 
Wordle 223 5/6

â¬œğŸŸ¨ğŸŸ¨â¬œâ¬œ
ğŸŸ©ğŸŸ¨â¬œâ¬œğŸŸ¨
ğŸŸ©â¬œğŸŸ¨ğŸŸ¨ğŸŸ¨
ğŸŸ©ğŸŸ©ğŸŸ©ğŸŸ©â¬œ
ğŸŸ©ğŸŸ©ğŸŸ©ğŸŸ©ğŸŸ©",0,0,2
2022-01-28 23:59:26+00:00,"Wordle 224 5/6*

â¬›â¬›â¬›â¬›ğŸŸ¨
â¬›â¬›ğŸŸ¨ğŸŸ¨â¬›
ğŸŸ©ğŸŸ©ğŸŸ©â¬›â¬›
ğŸŸ©ğŸŸ©ğŸŸ©â¬›â¬›
ğŸŸ©ğŸŸ©ğŸŸ©ğŸŸ©ğŸŸ©",0,0,0
2022-01-28 23:59:26+00:00,"Wordle 224 4/6

â¬œğŸŸ¨â¬œâ¬œğŸŸ¨
â¬œâ¬œğŸŸ¨â¬œâ¬œ
ğŸŸ©ğŸŸ¨ğŸŸ¨ğŸŸ¨ğŸŸ©
ğŸŸ©ğŸŸ©ğŸŸ©ğŸŸ©ğŸŸ©",0,0,0
2022-01-28 23:59:25+00:00,"Wordle 224 3/6

â¬›â¬›â¬›â¬›â¬›
â¬›ğŸŸ©ğŸŸ©ğŸŸ©ğŸŸ©
ğŸŸ©ğŸŸ©ğŸŸ©ğŸŸ©ğŸŸ©

amazing",0,0,0
2022-01-28 23:59:25+00:00,"@Punz0P umm wordle 223 6/6 ğŸ§ğŸ»â€â™€ï¸
â¬›ï¸â¬›ï¸â¬›ï¸â¬›ï¸â¬›ï¸
â¬›ï¸â¬›ï¸â¬›ï¸ğŸŸ¨ğŸŸ¨
â¬›ï¸â¬›ï¸â¬›ï¸â¬›ï¸ğŸŸ¨
â¬›ï¸â¬›ï¸â¬›ï¸ğŸŸ¨ğŸŸ¨
â¬›ï¸ğŸŸ¨â¬›ï¸â¬›ï¸ğŸŸ¨
ğŸŸ©ğŸŸ©ğŸŸ©ğŸŸ©ğŸŸ© 

i should never play wordle again",0,0,0
2022-01-28 23:59:24+00:00,"Hello friends, if you want me to include you in my daily routine of wordle encouragement hmu",0,0,1
2022-01-28 23:59:24+00:00,"Wordle 223 5/6

ğŸŸ¨ğŸŸ©â¬›â¬›â¬›
â¬›ğŸŸ©ğŸŸ©ğŸŸ¨â¬›
â¬›ğŸŸ©ğŸŸ©â¬›ğŸŸ©
â¬›ğŸŸ©ğŸŸ©ğŸŸ©ğŸŸ©
ğŸŸ©ğŸŸ©ğŸŸ©ğŸŸ©ğŸŸ©",0,0,0
2022-01-28 23:59:24+00:00,"Wordle 223 X/6

â¬›â¬›â¬›â¬›â¬›
â¬›ğŸŸ©â¬›â¬›â¬›
ğŸŸ¨ğŸŸ©â¬›â¬›â¬›
ğŸŸ©ğŸŸ©ğŸŸ©â¬›â¬›
ğŸŸ©ğŸŸ©ğŸŸ©â¬›â¬›
ğŸŸ©ğŸŸ©ğŸŸ©â¬›ğŸŸ©",0,0,0
2022-01-28 23:59:23+00:00,"@Modj0r @WordleFR Le Mot (@WordleFR) #20 ğŸ’€/6

â¬›ğŸŸ¨â¬›â¬›ğŸŸ©
ğŸŸ©ğŸŸ©â¬›â¬›ğŸŸ©
ğŸŸ©ğŸŸ©â¬›â¬›ğŸŸ©
ğŸŸ©ğŸŸ©â¬›â¬›ğŸŸ©
ğŸŸ©ğŸŸ©â¬›â¬›ğŸŸ©
ğŸŸ©ğŸŸ©â¬›â¬›ğŸŸ©

https://t.co/E6kWYdova8",0,1,1
2022-01-28 23:59:23+00:00,"Wordle 223 5/6

â¬œâ¬œâ¬œâ¬œâ¬œ
ğŸŸ©â¬œğŸŸ¨ğŸŸ¨â¬œ
ğŸŸ©ğŸŸ©â¬œğŸŸ©ğŸŸ©
ğŸŸ©ğŸŸ©â¬œğŸŸ©ğŸŸ©
ğŸŸ©ğŸŸ©ğŸŸ©ğŸŸ©ğŸŸ©",0,0,0
2022-01-28 23:59:22+00:00,"Wordle 224 4/6

â¬›â¬›ğŸŸ¨â¬›â¬›
â¬›ğŸŸ©ğŸŸ©â¬›â¬›
â¬›ğŸŸ©ğŸŸ©ğŸŸ©ğŸŸ©
ğŸŸ©ğŸŸ©ğŸŸ©ğŸŸ©ğŸŸ©",0,0,2
2022-01-28 23:59:22+00:00,"Wordle 223 5/6

â¬›â¬›â¬›â¬›ğŸŸ¨
â¬›ğŸŸ¨â¬›â¬›ğŸŸ¨
ğŸŸ¨â¬›â¬›ğŸŸ¨ğŸŸ¨
ğŸŸ©ğŸŸ©ğŸŸ©ğŸŸ©â¬›
ğŸŸ©ğŸŸ©ğŸŸ©ğŸŸ©ğŸŸ©

Man",0,1,2
2022-01-28 23:59:22+00:00,"Wordle 224 3/6

ğŸŸ©â¬›â¬›â¬›â¬›
ğŸŸ©ğŸŸ¨ğŸŸ¨â¬›â¬›
ğŸŸ©ğŸŸ©ğŸŸ©ğŸŸ©ğŸŸ©",0,0,0
2022-01-28 23:59:21+00:00,"Wordle 224 4/6

â¬›â¬›â¬›â¬›ğŸŸ¨
â¬›ğŸŸ¨ğŸŸ¨â¬›â¬›
â¬›ğŸŸ©ğŸŸ©ğŸŸ©ğŸŸ©
ğŸŸ©ğŸŸ©ğŸŸ©ğŸŸ©ğŸŸ©",0,1,0
2022-01-28 23:59:21+00:00,"Wordle 224 4/6

â¬œğŸŸ©â¬œğŸŸ¨â¬œ
ğŸŸ¨ğŸŸ©ğŸŸ©â¬œâ¬œ
â¬œğŸŸ©ğŸŸ©â¬œğŸŸ©
ğŸŸ©ğŸŸ©ğŸŸ©ğŸŸ©ğŸŸ©",0,0,0
2022-01-28 23:59:21+00:00,"Wordle 223 6/6

â¬›ğŸŸ¨ğŸŸ¨â¬›â¬›
ğŸŸ¨â¬›â¬›ğŸŸ¨â¬›
â¬›ğŸŸ¨ğŸŸ¨â¬›â¬›
â¬›â¬›â¬›ğŸŸ¨ğŸŸ¨
â¬›ğŸŸ©â¬›â¬›ğŸŸ¨
ğŸŸ©ğŸŸ©ğŸŸ©ğŸŸ©ğŸŸ©",0,0,0
2022-01-28 23:59:20+00:00,"With 1m 20s to spare
Wordle 223 5/6
â¬œâ¬œğŸŸ¨â¬œâ¬œ
â¬œğŸŸ©â¬œğŸŸ¨â¬œ
â¬œğŸŸ©ğŸŸ©â¬œâ¬œ
ğŸŸ©ğŸŸ©ğŸŸ©â¬œâ¬œ
ğŸŸ©ğŸŸ©ğŸŸ©ğŸŸ©ğŸŸ©",0,0,1
2022-01-28 23:59:20+00:00,"Taylor Swift Wordle????

Taylordle 0 2/6

â¬œâ¬œâ¬œâ¬œğŸŸ¨
ğŸŸ©ğŸŸ©ğŸŸ©ğŸŸ©ğŸŸ©",0,0,0
2022-01-28 23:59:20+00:00,"Wordle 223 4/6

ğŸŸ©â¬›â¬›â¬›ğŸŸ¨
ğŸŸ©ğŸŸ©ğŸŸ©â¬›â¬›
ğŸŸ©ğŸŸ©ğŸŸ©ğŸŸ©â¬›
ğŸŸ©ğŸŸ©ğŸŸ©ğŸŸ©ğŸŸ©",0,0,0
2022-01-28 23:59:20+00:00,I can't keep up with his mind anymoreğŸ˜­ am i that dumb? Okay this is a wordle and then... What does this mean then? ğŸ˜­ #cureuse,0,0,0
2022-01-28 23:59:20+00:00,"Wordle 224 6/6

â¬œâ¬œğŸŸ¨â¬œâ¬œ
â¬œğŸŸ©â¬œğŸŸ¨â¬œ
ğŸŸ©ğŸŸ©ğŸŸ©â¬œâ¬œ
ğŸŸ©ğŸŸ©ğŸŸ©â¬œâ¬œ grrrr
ğŸŸ©ğŸŸ©ğŸŸ©ğŸŸ©ğŸŸ©",0,1,1
2022-01-28 23:59:19+00:00,"Wordle 224 4/6

â¬›â¬›â¬›ğŸŸ¨â¬›
ğŸŸ©â¬›â¬›â¬›â¬›
ğŸŸ©ğŸŸ¨ğŸŸ¨ğŸŸ¨ğŸŸ©
ğŸŸ©ğŸŸ©ğŸŸ©ğŸŸ©ğŸŸ©",0,1,0
2022-01-28 23:59:19+00:00,"Wordle 223 4/6*

Line 1: 4th and 5th correct but in the wrong place.
Line 2: 1st perfect, but 2nd and 5th in the wrong place.
Line 3: 1st, 2nd and 3rd perfect.
Line 4: Won!",0,0,1
2022-01-28 23:59:18+00:00,"Wordle 224 5/6

â¬œâ¬œâ¬œâ¬œâ¬œ
â¬œğŸŸ¨ğŸŸ¨â¬œğŸŸ¨
ğŸŸ¨ğŸŸ©â¬œğŸŸ¨â¬œ
â¬œğŸŸ©ğŸŸ©ğŸŸ©ğŸŸ©
ğŸŸ©ğŸŸ©ğŸŸ©ğŸŸ©ğŸŸ©",0,0,0
2022-01-28 23:59:18+00:00,"There it is!! 

Wordle 223 5/6

ğŸŸ¨â¬œâ¬œâ¬œğŸŸ¨
ğŸŸ¨â¬œâ¬œğŸŸ¨â¬œ
â¬œğŸŸ¨â¬œğŸŸ¨ğŸŸ¨
ğŸŸ©ğŸŸ©â¬œğŸŸ¨â¬œ
ğŸŸ©ğŸŸ©ğŸŸ©ğŸŸ©ğŸŸ©",0,1,4
2022-01-28 23:59:17+00:00,"Wordle 223 3/6

â¬›â¬›ğŸŸ¨â¬›â¬›
ğŸŸ©â¬›ğŸŸ©ğŸŸ¨â¬›
ğŸŸ©ğŸŸ©ğŸŸ©ğŸŸ©ğŸŸ©",0,0,0
2022-01-28 23:59:17+00:00,"Wordle 223 4/6

â¬œâ¬œâ¬œâ¬œâ¬œ
â¬œâ¬œâ¬œâ¬œğŸŸ¨
â¬œğŸŸ©ğŸŸ©ğŸŸ©ğŸŸ©
ğŸŸ©ğŸŸ©ğŸŸ©ğŸŸ©ğŸŸ©",0,0,0
2022-01-28 23:59:17+00:00,"Wordle 224 5/6

â¬œâ¬œâ¬œâ¬œâ¬œ
â¬œğŸŸ¨ğŸŸ¨â¬œâ¬œ
ğŸŸ¨ğŸŸ©â¬œâ¬œâ¬œ
ğŸŸ©ğŸŸ©ğŸŸ©â¬œâ¬œ
ğŸŸ©ğŸŸ©ğŸŸ©ğŸŸ©ğŸŸ©",0,0,0
2022-01-28 23:59:17+00:00,"Wordle (ES) #22 4/6

â¬œâ¬œğŸŸ©â¬œğŸŸ©
â¬œâ¬œğŸŸ©ğŸŸ¨ğŸŸ©
â¬œğŸŸ¨ğŸŸ©â¬œğŸŸ©
ğŸŸ©ğŸŸ©ğŸŸ©ğŸŸ©ğŸŸ©

 https://t.co/2DpZHc3k3t",0,1,0
2022-01-28 23:59:17+00:00,I donâ€™t know what wordle is. Youâ€™re just tweeting squares to me,0,1,0
2022-01-28 23:59:16+00:00,Lol it's wor- lmao it's like worlde. It's game wordle in simpsnos ğŸŸ© https://t.co/p6yDhof321,0,0,4
2022-01-28 23:59:15+00:00,"Wordle 223 3/6

â¬›â¬›â¬›ğŸŸ¨â¬›
ğŸŸ©â¬›â¬›â¬›â¬›
ğŸŸ©ğŸŸ©ğŸŸ©ğŸŸ©ğŸŸ©",0,0,1
2022-01-28 23:59:15+00:00,"Wordle 223 4/6

â¬œğŸŸ©â¬œğŸŸ¨â¬œ
ğŸŸ¨ğŸŸ©â¬œğŸŸ©â¬œ
â¬œğŸŸ©ğŸŸ©ğŸŸ©ğŸŸ©
ğŸŸ©ğŸŸ©ğŸŸ©ğŸŸ©ğŸŸ©",0,0,5
2022-01-28 23:59:15+00:00,"Yeah, baby!

Wordle 224 2/6

â¬œâ¬œâ¬œâ¬œâ¬œ
ğŸŸ©ğŸŸ©ğŸŸ©ğŸŸ©ğŸŸ©",0,1,2
2022-01-28 23:59:14+00:00,"Wordle 224 5/6

â¬›â¬›â¬›â¬›â¬›
ğŸŸ©ğŸŸ¨ğŸŸ¨â¬›â¬›
ğŸŸ©ğŸŸ©â¬›ğŸŸ©â¬›
ğŸŸ©ğŸŸ©â¬›ğŸŸ©â¬›
ğŸŸ©ğŸŸ©ğŸŸ©ğŸŸ©ğŸŸ©

Bad day",0,0,0
2022-01-28 23:59:14+00:00,"Wordle 223 6/6 
â¬›â¬›â¬›ğŸŸ¨â¬›
ğŸŸ©ğŸŸ©â¬›â¬›â¬›
ğŸŸ©ğŸŸ©ğŸŸ¨â¬›â¬›
ğŸŸ©ğŸŸ©â¬›ğŸŸ©â¬›
ğŸŸ©ğŸŸ©â¬›ğŸŸ©â¬›
ğŸŸ©ğŸŸ©ğŸŸ©ğŸŸ©ğŸŸ©

Not my finest but atleast I got it.",0,0,0
2022-01-28 23:59:14+00:00,"Wordle 223 4/6*

ğŸŸ¨ğŸŸ©â¬œâ¬œâ¬œ
â¬œğŸŸ©â¬œâ¬œğŸŸ¨
â¬œğŸŸ©ğŸŸ©â¬œğŸŸ©
ğŸŸ©ğŸŸ©ğŸŸ©ğŸŸ©ğŸŸ©",0,0,0
2022-01-28 23:59:13+00:00,"im amazing 

Wordle 224 2/6*

ğŸŸ©â¬œğŸŸ¨â¬œğŸŸ©
ğŸŸ©ğŸŸ©ğŸŸ©ğŸŸ©ğŸŸ©",0,0,0
2022-01-28 23:59:13+00:00,"Wordle 223 3/6

â¬›ğŸŸ©â¬›ğŸŸ¨â¬›
ğŸŸ©ğŸŸ©ğŸŸ©â¬›ğŸŸ©
ğŸŸ©ğŸŸ©ğŸŸ©ğŸŸ©ğŸŸ©",0,0,1
2022-01-28 23:59:13+00:00,"Wordle 224 4/6

â¬›â¬›â¬›â¬›â¬›
â¬›ğŸŸ©ğŸŸ©â¬›â¬›
â¬›ğŸŸ©ğŸŸ©ğŸŸ©ğŸŸ©
ğŸŸ©ğŸŸ©ğŸŸ©ğŸŸ©ğŸŸ©",0,0,0
2022-01-28 23:59:12+00:00,"Wordle 223 4/6

â¬›â¬›â¬›â¬›ğŸŸ¨
ğŸŸ¨â¬›ğŸŸ¨ğŸŸ¨â¬›
ğŸŸ©ğŸŸ¨â¬›â¬›ğŸŸ©
ğŸŸ©ğŸŸ©ğŸŸ©ğŸŸ©ğŸŸ©",0,0,0
2022-01-28 23:59:11+00:00,"@peenerpark Wordle 223 3/6

â¬›ğŸŸ©ğŸŸ©â¬›â¬›
â¬›â¬›â¬›ğŸŸ©ğŸŸ©
ğŸŸ©ğŸŸ©ğŸŸ©ğŸŸ©ğŸŸ©

I think I got lucky",0,0,1
2022-01-28 23:59:11+00:00,"Wordle 223 4/6

ğŸŸ©â¬›â¬›â¬›â¬›
ğŸŸ©â¬›ğŸŸ©â¬›â¬›
ğŸŸ©ğŸŸ©ğŸŸ©ğŸŸ©â¬›
ğŸŸ©ğŸŸ©ğŸŸ©ğŸŸ©ğŸŸ©",0,0,0
2022-01-28 23:59:10+00:00,"Wordle 224 4/6

yay

â¬›â¬›â¬›â¬›â¬›
â¬›â¬›â¬›â¬›ğŸŸ©
â¬›ğŸŸ©ğŸŸ©â¬›ğŸŸ©
ğŸŸ©ğŸŸ©ğŸŸ©ğŸŸ©ğŸŸ©",0,1,1
2022-01-28 23:59:10+00:00,"So now #dordle is a thing . It's solving two #Wordle at a time. Do you dare? Take the  
Daily Dordle #0004 3&amp;5/7 
â¬œâ¬œâ¬œğŸŸ©â¬œ ğŸŸ¨â¬œâ¬œğŸŸ¨â¬œ
ğŸŸ¨â¬œğŸŸ©ğŸŸ©ğŸŸ¨ ğŸŸ©â¬œğŸŸ¨â¬œğŸŸ¨
ğŸŸ©ğŸŸ©ğŸŸ©ğŸŸ©ğŸŸ© ğŸŸ¨ğŸŸ¨ğŸŸ¨â¬œâ¬œ
â¬›â¬›â¬›â¬›â¬› ğŸŸ©â¬œğŸŸ¨ğŸŸ¨ğŸŸ©
â¬›â¬›â¬›â¬›â¬› ğŸŸ©ğŸŸ©ğŸŸ©ğŸŸ©ğŸŸ©
#wordle223 #wordletogether #dailywordchallenge",0,0,0
2022-01-28 23:59:10+00:00,"Wordle 223 4/6

â¬›â¬›â¬›ğŸŸ¨â¬›
ğŸŸ¨â¬›â¬›ğŸŸ¨ğŸŸ©
â¬›ğŸŸ©ğŸŸ©â¬›ğŸŸ©
ğŸŸ©ğŸŸ©ğŸŸ©ğŸŸ©ğŸŸ©",0,0,0
2022-01-28 23:59:09+00:00,"Wordle 224 6/6

â¬›ğŸŸ¨â¬›â¬›ğŸŸ¨
ğŸŸ¨â¬›ğŸŸ¨ğŸŸ¨â¬›
ğŸŸ¨ğŸŸ©â¬›ğŸŸ¨â¬›
â¬›ğŸŸ©ğŸŸ©â¬›ğŸŸ©
â¬›ğŸŸ©ğŸŸ©ğŸŸ©ğŸŸ©
ğŸŸ©ğŸŸ©ğŸŸ©ğŸŸ©ğŸŸ©",0,0,2
2022-01-28 23:59:09+00:00,"Wordle 223 5/6

â¬›â¬›â¬›ğŸŸ¨ğŸŸ¨
ğŸŸ¨â¬›â¬›ğŸŸ¨â¬›
ğŸŸ©ğŸŸ¨ğŸŸ¨ğŸŸ¨â¬›
ğŸŸ©ğŸŸ¨ğŸŸ©ğŸŸ¨â¬›
ğŸŸ©ğŸŸ©ğŸŸ©ğŸŸ©ğŸŸ©",0,0,0
2022-01-28 23:59:09+00:00,"@TheBabylonBee â€œPittsburgh: The Story of an American City follows Pittsburgh from its frontier beginnings through its evolution into the most heavily industrialized city in the world, to the city's renewal of itself as ""America's Most Livable City.""â€

It becomes Perky in the society wordle 223.",0,0,0
2022-01-28 23:59:09+00:00,"Wordle 224 5/6

â¬›â¬›â¬›ğŸŸ©â¬›
ğŸŸ¨ğŸŸ©â¬›â¬›â¬›
â¬›ğŸŸ©ğŸŸ©â¬›â¬›
â¬›ğŸŸ©ğŸŸ©ğŸŸ©ğŸŸ©
ğŸŸ©ğŸŸ©ğŸŸ©ğŸŸ©ğŸŸ©

Sleepy day",0,0,0
2022-01-28 23:59:08+00:00,"Wordle 223 X/6

â¬›ğŸŸ¨â¬›â¬›â¬›
â¬›â¬›ğŸŸ©â¬›â¬›
â¬›â¬›ğŸŸ©â¬›â¬›
â¬›â¬›ğŸŸ©â¬›ğŸŸ¨
â¬›â¬›ğŸŸ©â¬›ğŸŸ¨
â¬›ğŸŸ©ğŸŸ©ğŸŸ©ğŸŸ©

im mad",0,1,4
2022-01-28 23:59:08+00:00,"Wordle (ES) #22 3/6

â¬œğŸŸ¨ğŸŸ¨â¬œâ¬œ
ğŸŸ©ğŸŸ¨â¬œğŸŸ¨ğŸŸ©
ğŸŸ©ğŸŸ©ğŸŸ©ğŸŸ©ğŸŸ©

 https://t.co/f3C05p9e2b",0,0,0
2022-01-28 23:59:08+00:00,"Wordle 224 4/6

ğŸŸ©ğŸŸ©ğŸŸ©â¬œâ¬œ
ğŸŸ©ğŸŸ©ğŸŸ©â¬œâ¬œ
ğŸŸ©ğŸŸ©ğŸŸ©â¬œâ¬œ
ğŸŸ©ğŸŸ©ğŸŸ©ğŸŸ©ğŸŸ©",0,0,0
2022-01-28 23:59:07+00:00,"Wordle 223 6/6

â¬›ğŸŸ©â¬›ğŸŸ¨â¬›
â¬›â¬›â¬›â¬›â¬›
ğŸŸ¨ğŸŸ©â¬›â¬›â¬›
â¬›ğŸŸ©â¬›â¬›ğŸŸ¨
ğŸŸ©ğŸŸ©ğŸŸ©â¬›â¬›
ğŸŸ©ğŸŸ©ğŸŸ©ğŸŸ©ğŸŸ©",0,1,1
2022-01-28 23:59:07+00:00,"Wordle 224 3/6* ğŸ™„

â¬›â¬›â¬›â¬›ğŸŸ¨
ğŸŸ¨ğŸŸ©ğŸŸ©â¬›ğŸŸ©
ğŸŸ©ğŸŸ©ğŸŸ©ğŸŸ©ğŸŸ©",0,0,0
2022-01-28 23:59:07+00:00,"æ—¥èª²
Wordle - A daily word game https://t.co/k2GvHjb6zd",0,0,0
2022-01-28 23:59:06+00:00,"@charbrew Thanks to your clue !!!!! 
Wordle 223 3/6

â¬œâ¬œğŸŸ©â¬œğŸŸ©
â¬œâ¬œğŸŸ©â¬œğŸŸ©
ğŸŸ©ğŸŸ©ğŸŸ©ğŸŸ©ğŸŸ©",0,0,0
2022-01-28 23:59:06+00:00,"Wordle 224 5/6

â¬›â¬›â¬›â¬›â¬›
â¬›â¬›ğŸŸ¨ğŸŸ¨â¬›
â¬›ğŸŸ©ğŸŸ¨ğŸŸ¨â¬›
â¬›ğŸŸ©ğŸŸ©ğŸŸ©ğŸŸ©
ğŸŸ©ğŸŸ©ğŸŸ©ğŸŸ©ğŸŸ©",0,0,0
2022-01-28 23:59:06+00:00,"I did it ğŸ’ƒğŸ¾

Wordle 223 5/6

â¬›â¬›â¬›â¬›â¬›
â¬›â¬›ğŸŸ¨â¬›ğŸŸ©
ğŸŸ©â¬›ğŸŸ©â¬›ğŸŸ©
ğŸŸ©ğŸŸ©ğŸŸ©â¬›ğŸŸ©
ğŸŸ©ğŸŸ©ğŸŸ©ğŸŸ©ğŸŸ©",0,0,0
2022-01-28 23:59:06+00:00,"Wordle 224 3/6

â¬œâ¬œâ¬œâ¬œâ¬œ
ğŸŸ©ğŸŸ©ğŸŸ©â¬œâ¬œ
ğŸŸ©ğŸŸ©ğŸŸ©ğŸŸ©ğŸŸ©",0,0,0
2022-01-28 23:59:06+00:00,"Wordle 224 5/6

â¬œğŸŸ©ğŸŸ¨â¬œâ¬œ
â¬œğŸŸ©ğŸŸ©ğŸŸ©â¬œ
â¬œğŸŸ©ğŸŸ©ğŸŸ©ğŸŸ©
â¬œğŸŸ©ğŸŸ©ğŸŸ©ğŸŸ©
ğŸŸ©ğŸŸ©ğŸŸ©ğŸŸ©ğŸŸ©",0,0,0
2022-01-28 23:59:05+00:00,"Wordle 224 4/6

â¬œâ¬œâ¬œâ¬œâ¬œ
â¬œâ¬œğŸŸ¨â¬œâ¬œ
â¬œğŸŸ©ğŸŸ©â¬œğŸŸ©
ğŸŸ©ğŸŸ©ğŸŸ©ğŸŸ©ğŸŸ©",0,0,0
2022-01-28 23:59:05+00:00,"Wordle 223 6/6

â¬›â¬›â¬›ğŸŸ¨â¬›
â¬›ğŸŸ©â¬›â¬›â¬›
â¬›ğŸŸ©â¬›â¬›ğŸŸ¨
ğŸŸ¨ğŸŸ©ğŸŸ¨â¬›ğŸŸ©
ğŸŸ©ğŸŸ©ğŸŸ©â¬›ğŸŸ©
ğŸŸ©ğŸŸ©ğŸŸ©ğŸŸ©ğŸŸ©",0,0,2
2022-01-28 23:59:04+00:00,"Wordle 224 5/6

â¬œâ¬œâ¬œâ¬œâ¬œğŸ¤­
â¬œğŸŸ©ğŸŸ©â¬œğŸŸ©ğŸ˜
â¬œğŸŸ©ğŸŸ©ğŸŸ©ğŸŸ©ğŸ¤”
â¬œğŸŸ©ğŸŸ©ğŸŸ©ğŸŸ©ğŸ™„
ğŸŸ©ğŸŸ©ğŸŸ©ğŸŸ©ğŸŸ©ğŸ˜Š",0,0,0
2022-01-28 23:59:03+00:00,Sharing your Wordle on Twitter daily is like maintaining streaks on Snapchat.,0,1,10
2022-01-28 23:59:03+00:00,"wordle 19/87

ğŸŸ©ğŸŸ©ğŸŸ©ğŸŸ©ğŸŸ©ğŸŸ©ğŸŸ©ğŸŸ©
ğŸŸ©â¬›ï¸â¬›ï¸ğŸŸ©ğŸŸ©â¬›ï¸â¬›ï¸ğŸŸ©
ğŸŸ©â¬›ï¸â¬›ï¸ğŸŸ©ğŸŸ©â¬›ï¸â¬›ï¸ğŸŸ©
ğŸŸ©ğŸŸ©ğŸŸ©â¬›ï¸â¬›ï¸ğŸŸ©ğŸŸ©ğŸŸ©
ğŸŸ©ğŸŸ©â¬›ï¸â¬›ï¸â¬›ï¸â¬›ï¸ğŸŸ©ğŸŸ©
ğŸŸ©ğŸŸ©â¬›ï¸ğŸŸ©ğŸŸ©â¬›ï¸ğŸŸ©ğŸŸ©
ğŸŸ©ğŸŸ©ğŸŸ©ğŸŸ©ğŸŸ©ğŸŸ©ğŸŸ©ğŸŸ©",0,0,1
2022-01-28 23:59:02+00:00,"Wordle 224 4/6

â¬œâ¬œâ¬œâ¬œâ¬œ
â¬œğŸŸ©ğŸŸ©â¬œâ¬œ
â¬œğŸŸ©ğŸŸ©ğŸŸ©ğŸŸ©
ğŸŸ©ğŸŸ©ğŸŸ©ğŸŸ©ğŸŸ©",0,0,0
2022-01-28 23:59:02+00:00,"Wordle 224 4/6

â¬›â¬›â¬›â¬›â¬›
â¬›ğŸŸ¨ğŸŸ¨â¬›ğŸŸ©
ğŸŸ©ğŸŸ¨ğŸŸ¨ğŸŸ¨ğŸŸ©
ğŸŸ©ğŸŸ©ğŸŸ©ğŸŸ©ğŸŸ©",0,1,0
2022-01-28 23:59:01+00:00,"Wordle 224 5/6

ğŸŸ¨â¬œâ¬œâ¬œâ¬œ
â¬œğŸŸ¨â¬œâ¬œâ¬œ
â¬œâ¬œğŸŸ©â¬œâ¬œ
â¬œğŸŸ©ğŸŸ©ğŸŸ©ğŸŸ©
ğŸŸ©ğŸŸ©ğŸŸ©ğŸŸ©ğŸŸ©",0,0,0
2022-01-28 23:59:01+00:00,"ok krecemo

Wordle 224 4/6

â¬›ğŸŸ©â¬›â¬›â¬›
â¬›ğŸŸ©â¬›ğŸŸ¨â¬›
ğŸŸ©ğŸŸ©ğŸŸ©â¬›â¬›
ğŸŸ©ğŸŸ©ğŸŸ©ğŸŸ©ğŸŸ©",0,1,3
2022-01-28 23:59:01+00:00,"Wordle 224 5/6

â¬œâ¬œğŸŸ¨ğŸŸ¨â¬œ
ğŸŸ¨ğŸŸ¨â¬œâ¬œâ¬œ
â¬œğŸŸ©ğŸŸ¨â¬œâ¬œ
ğŸŸ¨ğŸŸ©â¬œâ¬œâ¬œ
ğŸŸ©ğŸŸ©ğŸŸ©ğŸŸ©ğŸŸ©

now i have a headache",0,0,1
2022-01-28 23:59:01+00:00,@luviedrm @hearts4turbo I HEART U SM and iâ€™m so happy weâ€™re friends mwah mwah whatâ€™s ur wordle record,0,1,1
2022-01-28 23:59:00+00:00,"You can now play Wordle more than once a day thanks to a new archive
#Wordle

https://t.co/hwYnaRFmwp",0,0,0
2022-01-28 23:58:59+00:00,"@konstantkaos Wordle 224 2/6

ğŸŸ©ğŸŸ©â¬œâ¬œâ¬œ
ğŸŸ©ğŸŸ©ğŸŸ©ğŸŸ©ğŸŸ©",0,1,0
2022-01-28 23:58:59+00:00,"Wordle 224 5/6

â¬œâ¬œâ¬œâ¬œâ¬œ
â¬œâ¬œâ¬œâ¬œâ¬œ
â¬œğŸŸ¨â¬œâ¬œâ¬œ
â¬œğŸŸ©ğŸŸ©â¬œğŸŸ©
ğŸŸ©ğŸŸ©ğŸŸ©ğŸŸ©ğŸŸ©

SUTOM #22 4/6

ğŸŸ¥ğŸŸ¡ğŸŸ¦ğŸŸ¦ğŸŸ¡ğŸŸ¦
ğŸŸ¥ğŸŸ¡ğŸŸ¥ğŸŸ¦ğŸŸ¦ğŸŸ¦
ğŸŸ¥ğŸŸ¡ğŸŸ¡ğŸŸ¡ğŸŸ¦ğŸŸ¦
ğŸŸ¥ğŸŸ¥ğŸŸ¥ğŸŸ¥ğŸŸ¥ğŸŸ¥

https://t.co/XXwSOgoyu8",0,0,0
2022-01-28 23:58:59+00:00,"@PnF_Wiki ğŸŸ¨ğŸŸ¨ğŸŸ¨ğŸŸ¨ğŸŸ¨
ğŸŸ¨ğŸŸ¨ğŸŸ¨ğŸŸ¨ğŸŸ¨
ğŸŸ¨ğŸŸ¨ğŸŸ¨ğŸŸ¨ğŸŸ¨
ğŸŸ¨ğŸŸ¨ğŸŸ¨ğŸŸ¨ğŸŸ¨
ğŸŸ¨ğŸŸ¨ğŸŸ¨ğŸŸ¨ğŸŸ¨

Not Wordle, just a close-up of Jeremyâ€™s hair.",0,0,1
2022-01-28 23:58:58+00:00,"Wordle 224 5/6

â¬œğŸŸ©ğŸŸ©â¬œâ¬œ
â¬œğŸŸ¨â¬œâ¬œâ¬œ
â¬œâ¬œğŸŸ¨â¬œğŸŸ¨
ğŸŸ¨ğŸŸ¨ğŸŸ¨â¬œâ¬œ
ğŸŸ©ğŸŸ©ğŸŸ©ğŸŸ©ğŸŸ©",0,0,0
2022-01-28 23:58:58+00:00,"Wordle 223 5/6

â¬›â¬›ğŸŸ¨â¬›â¬›
â¬›â¬›â¬›â¬›ğŸŸ¨
ğŸŸ¨ğŸŸ¨â¬›â¬›â¬›
â¬›ğŸŸ©ğŸŸ©ğŸŸ©ğŸŸ©
ğŸŸ©ğŸŸ©ğŸŸ©ğŸŸ©ğŸŸ©

I just straight up used bad words ğŸ˜¬",0,1,0
2022-01-28 23:58:57+00:00,"Ayyy.. got it in the end

Wordle 224 4/6

â¬›â¬›â¬›ğŸŸ¨â¬›
ğŸŸ©ğŸŸ¨ğŸŸ¨â¬›â¬›
ğŸŸ©ğŸŸ©â¬›â¬›â¬›
ğŸŸ©ğŸŸ©ğŸŸ©ğŸŸ©ğŸŸ©",0,0,0
2022-01-28 23:58:57+00:00,"Not wordle, just Boxria: 

ğŸŸ¦ğŸŸ¦ğŸŸ¦ğŸŸ¦ğŸŸ¦ğŸŸ¦ğŸŸ¦ğŸŸ¦
ğŸŸ¦ğŸŸ¦ğŸŸ¦ğŸŸ¦ğŸŸ¦ğŸŸ¦ğŸŸ¦ğŸŸ¦
ğŸŸ¦ğŸŸ¨ğŸŸ¦ğŸŸ¦ğŸŸ¦ğŸŸ¦ğŸŸ¨ğŸŸ¦
ğŸŸ¨ğŸŸ¦ğŸŸ¨ğŸŸ¦ğŸŸ¦ğŸŸ¨ğŸŸ¦ğŸŸ¨
ğŸŸ¨ğŸŸ¦ğŸŸ¨ğŸŸ¦ğŸŸ¦ğŸŸ¨ğŸŸ¦ğŸŸ¨
ğŸŸ¦ğŸŸ¦ğŸŸ¦ğŸŸ¦ğŸŸ¦ğŸŸ¦ğŸŸ¦ğŸŸ¦
ğŸŸ¦ğŸŸ¦ğŸŸ¦ğŸŸ¦ğŸŸ¦ğŸŸ¦ğŸŸ¦ğŸŸ¦
ğŸŸ¦ğŸŸ¦ğŸŸ¦ğŸŸ¦ğŸŸ¦ğŸŸ¦ğŸŸ¦ğŸŸ¦",0,0,2
2022-01-28 23:58:57+00:00,"Wordle 223 4/6

â¬›â¬›â¬›â¬›â¬›
ğŸŸ©â¬›ğŸŸ©â¬›ğŸŸ¨
ğŸŸ©ğŸŸ©ğŸŸ©â¬›â¬›
ğŸŸ©ğŸŸ©ğŸŸ©ğŸŸ©ğŸŸ© #wordle",0,0,0
2022-01-28 23:58:56+00:00,"@MariPi__ Latin Wordle 27 3/6

ğŸŸ¨â¬œğŸŸ¨â¬œâ¬œ
â¬œâ¬œğŸŸ©ğŸŸ©ğŸŸ¨
ğŸŸ©ğŸŸ©ğŸŸ©ğŸŸ©ğŸŸ©",0,1,1
2022-01-28 23:58:56+00:00,"Wordle 223 4/6

â¬œâ¬œâ¬œâ¬œğŸŸ¨
â¬œğŸŸ©â¬œâ¬œâ¬œ
â¬œğŸŸ©ğŸŸ©ğŸŸ©ğŸŸ©
ğŸŸ©ğŸŸ©ğŸŸ©ğŸŸ©ğŸŸ©
@janjanjan",0,0,0
2022-01-28 23:58:56+00:00,"@Nictastrophe Wordle 223 5/6

â¬œâ¬œâ¬œâ¬œğŸŸ¨
â¬œğŸŸ©â¬œâ¬œâ¬œ
ğŸŸ¨ğŸŸ©â¬œğŸŸ©â¬œ
â¬œğŸŸ©ğŸŸ©ğŸŸ©ğŸŸ©
ğŸŸ©ğŸŸ©ğŸŸ©ğŸŸ©ğŸŸ©",0,0,0
2022-01-28 23:58:55+00:00,"Wordle 224 5/6

â¬›â¬›â¬›â¬›â¬›
â¬›â¬›â¬›â¬›â¬›
ğŸŸ©ğŸŸ¨ğŸŸ¨â¬›â¬›
ğŸŸ©ğŸŸ©ğŸŸ¨â¬›â¬›
ğŸŸ©ğŸŸ©ğŸŸ©ğŸŸ©ğŸŸ©",0,0,1
2022-01-28 23:58:55+00:00,"Wordle 223 5/6

â¬›ğŸŸ¦ğŸŸ¦â¬›â¬›
ğŸŸ¦â¬›â¬›ğŸŸ¦â¬›
â¬›ğŸŸ§â¬›ğŸŸ¦â¬›
â¬›ğŸŸ§â¬›â¬›ğŸŸ¦
ğŸŸ§ğŸŸ§ğŸŸ§ğŸŸ§ğŸŸ§",0,1,1
2022-01-28 23:58:55+00:00,"Wordle 223 4/6

â¬›â¬›â¬›â¬›â¬›
â¬›â¬›â¬›ğŸŸ¨ğŸŸ¨
â¬›â¬›ğŸŸ¨ğŸŸ¨ğŸŸ©
ğŸŸ©ğŸŸ©ğŸŸ©ğŸŸ©ğŸŸ©",0,0,0
2022-01-28 23:58:54+00:00,"ğŸ˜³ Wordle 223 4/6

â¬œâ¬œâ¬œâ¬œğŸŸ¨
ğŸŸ©ğŸŸ¨â¬œâ¬œğŸŸ¨
ğŸŸ©â¬œğŸŸ¨ğŸŸ¨ğŸŸ¨
ğŸŸ©ğŸŸ©ğŸŸ©ğŸŸ©ğŸŸ©",0,1,0
2022-01-28 23:58:54+00:00,"Wordle 223 5/6

â¬œğŸŸ¨ğŸŸ¨â¬œâ¬œ
â¬œğŸŸ©â¬œâ¬œğŸŸ¨
ğŸŸ¨ğŸŸ©â¬œâ¬œâ¬œ
â¬œğŸŸ©â¬œâ¬œâ¬œ
ğŸŸ©ğŸŸ©ğŸŸ©ğŸŸ©ğŸŸ©",0,0,2
2022-01-28 23:58:54+00:00,"Wordle 223 4/6

ğŸŸ©ğŸŸ©â¬œâ¬œâ¬œ
ğŸŸ©ğŸŸ©â¬œâ¬œğŸŸ©
ğŸŸ©ğŸŸ©â¬œâ¬œğŸŸ©
ğŸŸ©ğŸŸ©ğŸŸ©ğŸŸ©ğŸŸ©",0,0,0
2022-01-28 23:58:54+00:00,"Wordle 224 4/6

â¬›ğŸŸ¨â¬›â¬›â¬›
â¬›ğŸŸ¨â¬›ğŸŸ¨â¬›
ğŸŸ¨ğŸŸ¨ğŸŸ¨â¬›â¬›
ğŸŸ©ğŸŸ©ğŸŸ©ğŸŸ©ğŸŸ©",0,0,3
2022-01-28 23:58:53+00:00,"Wordle 224 6/6

â¬›â¬›â¬›â¬›â¬›
â¬›â¬›â¬›â¬›â¬›
â¬›ğŸŸ©ğŸŸ¨â¬›ğŸŸ¨
ğŸŸ¨ğŸŸ©ğŸŸ¨â¬›â¬›
ğŸŸ¨ğŸŸ¨ğŸŸ¨ğŸŸ¨â¬›
ğŸŸ©ğŸŸ©ğŸŸ©ğŸŸ©ğŸŸ©",0,0,0
2022-01-28 23:58:53+00:00,"Wordle 223 4/6 :(

ğŸŸ©ğŸŸ¨â¬›â¬›ğŸŸ¨
ğŸŸ©â¬›ğŸŸ©ğŸŸ©â¬›
ğŸŸ©ğŸŸ©ğŸŸ©ğŸŸ©â¬›
ğŸŸ©ğŸŸ©ğŸŸ©ğŸŸ©ğŸŸ©",0,0,0
2022-01-28 23:58:53+00:00,"Wordle 224 5/6

â¬›â¬›â¬›â¬›â¬›
â¬›ğŸŸ¨â¬›â¬›â¬›
ğŸŸ¨â¬›ğŸŸ©â¬›â¬›
â¬›ğŸŸ©ğŸŸ©ğŸŸ©ğŸŸ©
ğŸŸ©ğŸŸ©ğŸŸ©ğŸŸ©ğŸŸ©",0,0,0
2022-01-28 23:58:52+00:00,"Wordle (ES) #22 2/6

â¬œâ¬œğŸŸ¨ğŸŸ©ğŸŸ©
ğŸŸ©ğŸŸ©ğŸŸ©ğŸŸ©ğŸŸ©

https://t.co/os2jNhgxDH",0,0,2
2022-01-28 23:58:52+00:00,"Wordle 224 4/6

â¬›â¬›â¬›â¬›â¬›
ğŸŸ©ğŸŸ¨â¬›â¬›â¬›
ğŸŸ©â¬›â¬›ğŸŸ©â¬›
ğŸŸ©ğŸŸ©ğŸŸ©ğŸŸ©ğŸŸ©

In 4 only ğŸ’ƒğŸ»ğŸ’ƒğŸ»ğŸ’ƒğŸ»ğŸ’ƒğŸ»",0,0,1
2022-01-28 23:58:52+00:00,"Wordle 223 4/6*

ğŸŸ©â¬›â¬›â¬›â¬›
ğŸŸ©ğŸŸ©ğŸŸ©â¬›â¬›
ğŸŸ©ğŸŸ©ğŸŸ©â¬›ğŸŸ©
ğŸŸ©ğŸŸ©ğŸŸ©ğŸŸ©ğŸŸ©jumping on the bandwagon #wordle",0,1,2
2022-01-28 23:58:51+00:00,"Gimme a difficult one already ğŸ˜
Wordle 224 3/6

â¬›ğŸŸ©ğŸŸ©â¬›â¬›
â¬›ğŸŸ©ğŸŸ©â¬›ğŸŸ©
ğŸŸ©ğŸŸ©ğŸŸ©ğŸŸ©ğŸŸ©",0,0,0
2022-01-28 23:58:51+00:00,"Wordle (ES) #22 5/6

ğŸŸ¨â¬œâ¬œâ¬œâ¬œ
ğŸŸ¨â¬œâ¬œğŸŸ¨ğŸŸ¨
ğŸŸ©ğŸŸ¨â¬œâ¬œğŸŸ¨
ğŸŸ©ğŸŸ¨â¬œâ¬œğŸŸ©
ğŸŸ©ğŸŸ©ğŸŸ©ğŸŸ©ğŸŸ©

 https://t.co/BroOUVXQnk",0,1,0
2022-01-28 23:58:50+00:00,"Wordle 223 4/6

â¬›ğŸŸ¦ğŸŸ¦â¬›â¬›
ğŸŸ¦ğŸŸ§â¬›â¬›â¬›
â¬›ğŸŸ§ğŸŸ§â¬›â¬›
ğŸŸ§ğŸŸ§ğŸŸ§ğŸŸ§ğŸŸ§",0,0,0
2022-01-28 23:58:50+00:00,"Itâ€™s Friday night, I have just got in from a night out and my first thought is, yay 2 mins till the new wordle",0,0,3
2022-01-28 23:58:49+00:00,"Wordle 224 4/6

â¬œâ¬œâ¬œâ¬œâ¬œ
â¬œğŸŸ©ğŸŸ©ğŸŸ¨â¬œ
ğŸŸ©ğŸŸ©ğŸŸ©â¬œâ¬œ
ğŸŸ©ğŸŸ©ğŸŸ©ğŸŸ©ğŸŸ©",0,0,0
2022-01-28 23:58:49+00:00,"Wordle 223 3/6

â¬œğŸŸ¨ğŸŸ¨â¬œğŸŸ¨
ğŸŸ©ğŸŸ©ğŸŸ©ğŸŸ©â¬œ
ğŸŸ©ğŸŸ©ğŸŸ©ğŸŸ©ğŸŸ©",0,0,0
2022-01-28 23:58:48+00:00,@BaylorMBB Good thing that isnâ€™t Wordle because youâ€™d have lost twice.,0,0,0
2022-01-28 23:58:48+00:00,"Wordle 223 3/6

ğŸŸ©ğŸŸ©â¬œâ¬œâ¬œ
ğŸŸ©ğŸŸ©â¬œâ¬œâ¬œ
ğŸŸ©ğŸŸ©ğŸŸ©ğŸŸ©ğŸŸ©",0,0,0
2022-01-28 23:58:48+00:00,"Wordle 223 4/6. ğŸ˜ğŸ˜ğŸ˜

â¬›â¬›â¬›â¬›ğŸŸ¨
ğŸŸ¨â¬›â¬›â¬›â¬›
â¬›ğŸŸ©ğŸŸ©â¬›ğŸŸ©
ğŸŸ©ğŸŸ©ğŸŸ©ğŸŸ©ğŸŸ©",0,0,0
2022-01-28 23:58:47+00:00,"Wordle 224 5/6

â¬œğŸŸ¨â¬œâ¬œâ¬œ
â¬œğŸŸ©â¬œâ¬œâ¬œ
â¬œğŸŸ©â¬œâ¬œâ¬œ
ğŸŸ©ğŸŸ¨ğŸŸ¨ğŸŸ¨ğŸŸ©
ğŸŸ©ğŸŸ©ğŸŸ©ğŸŸ©ğŸŸ©",0,0,0
2022-01-28 23:58:47+00:00,"Wordle (ES) #22 4/6 
ğŸŸ¨ğŸŸ¨â¬œâ¬œğŸŸ© 
ğŸŸ¨â¬œâ¬œğŸŸ¨ğŸŸ© 
â¬œğŸŸ©ğŸŸ©â¬œğŸŸ© 
ğŸŸ©ğŸŸ©ğŸŸ©ğŸŸ©ğŸŸ©
https://t.co/zWmaDzbDDm",0,0,0
2022-01-28 23:58:47+00:00,"@LilyPichu Nope, not the Wordle today",0,0,0
2022-01-28 23:58:47+00:00,"Wordle 224 5/6

â¬œâ¬œâ¬œâ¬œâ¬œ
ğŸŸ¨â¬œğŸŸ¨â¬œâ¬œ
â¬œâ¬œğŸŸ¨ğŸŸ¨ğŸŸ¨
â¬œğŸŸ©ğŸŸ©ğŸŸ©ğŸŸ©
ğŸŸ©ğŸŸ©ğŸŸ©ğŸŸ©ğŸŸ©",0,1,0
2022-01-28 23:58:47+00:00,"Wordle 224 6/6

â¬›â¬›â¬›â¬›â¬›
â¬›ğŸŸ¨â¬›â¬›â¬›
â¬›ğŸŸ¨â¬›â¬›â¬›
ğŸŸ¨ğŸŸ©ğŸŸ©â¬›â¬›
â¬›ğŸŸ©ğŸŸ©ğŸŸ©ğŸŸ©
ğŸŸ©ğŸŸ©ğŸŸ©ğŸŸ©ğŸŸ©",0,0,0
2022-01-28 23:58:47+00:00,"Wordle 223 4/6

ğŸŸ¨â¬œâ¬œğŸŸ¨â¬œ
â¬œâ¬œâ¬œğŸŸ¨â¬œ
â¬œâ¬œâ¬œâ¬œâ¬œ
ğŸŸ©ğŸŸ©ğŸŸ©ğŸŸ©ğŸŸ©",0,1,1
2022-01-28 23:58:47+00:00,"Wordle 223 6/6

â¬›â¬›â¬›â¬›ğŸŸ¨
â¬›ğŸŸ©â¬›â¬›â¬›
â¬›ğŸŸ©â¬›â¬›ğŸŸ¨
ğŸŸ¨ğŸŸ©ğŸŸ¨â¬›â¬›
ğŸŸ©ğŸŸ©ğŸŸ©â¬›â¬›
ğŸŸ©ğŸŸ©ğŸŸ©ğŸŸ©ğŸŸ©",0,0,1
2022-01-28 23:58:47+00:00,"Wordle 224 5/6

â¬›â¬›â¬›â¬›â¬›
â¬›â¬›â¬›â¬›â¬›
â¬›ğŸŸ©ğŸŸ¨ğŸŸ¨â¬›
ğŸŸ¨ğŸŸ©ğŸŸ©ğŸŸ©â¬›
ğŸŸ©ğŸŸ©ğŸŸ©ğŸŸ©ğŸŸ©",0,0,0
2022-01-28 23:58:46+00:00,"Wordle 224 5/6

â¬œâ¬œâ¬œâ¬œâ¬œ
â¬œğŸŸ©ğŸŸ©â¬œğŸŸ©
â¬œğŸŸ©ğŸŸ©ğŸŸ©ğŸŸ©
â¬œğŸŸ©ğŸŸ©ğŸŸ©ğŸŸ©
ğŸŸ©ğŸŸ©ğŸŸ©ğŸŸ©ğŸŸ©",0,0,0
2022-01-28 23:58:46+00:00,"Wordle (ES) #22 3/6

â¬œâ¬œğŸŸ©â¬œğŸŸ©
â¬œâ¬œğŸŸ©ğŸŸ¨ğŸŸ©
ğŸŸ©ğŸŸ©ğŸŸ©ğŸŸ©ğŸŸ©

 https://t.co/ZnZynFNiCV",0,0,0
2022-01-28 23:58:42+00:00,"Wordle 223 5/6

â¬›â¬›â¬›â¬›ğŸŸ¨
â¬›ğŸŸ¨ğŸŸ¨â¬›â¬›
ğŸŸ¨ğŸŸ©â¬›â¬›â¬›
â¬›ğŸŸ©â¬›â¬›â¬›
ğŸŸ©ğŸŸ©ğŸŸ©ğŸŸ©ğŸŸ©",0,0,0
2022-01-28 23:58:41+00:00,"Wordle 224 3/6

ğŸŸ©ğŸŸ¨â¬œâ¬œâ¬œ
ğŸŸ©ğŸŸ©ğŸŸ¨ğŸŸ¨â¬œ
ğŸŸ©ğŸŸ©ğŸŸ©ğŸŸ©ğŸŸ©",0,1,3
2022-01-28 23:58:41+00:00,"Wordle 223 4/6

â¬œâ¬œâ¬œğŸŸ¨â¬œ
ğŸŸ©ğŸŸ¨â¬œâ¬œğŸŸ©
ğŸŸ©â¬œğŸŸ©â¬œğŸŸ©
ğŸŸ©ğŸŸ©ğŸŸ©ğŸŸ©ğŸŸ©",0,0,1
2022-01-28 23:58:40+00:00,"Wordle 224 3/6

ğŸŸ©ğŸŸ©â¬œâ¬œâ¬œ
ğŸŸ©ğŸŸ©â¬œâ¬œâ¬œ
ğŸŸ©ğŸŸ©ğŸŸ©ğŸŸ©ğŸŸ©",0,0,1
2022-01-28 23:58:40+00:00,"Wordle 223 4/6

â¬›â¬›â¬›ğŸŸ¨â¬›
â¬›â¬›â¬›â¬›â¬›
â¬›ğŸŸ¨ğŸŸ¨â¬›â¬›
ğŸŸ©ğŸŸ©ğŸŸ©ğŸŸ©ğŸŸ©",0,0,1
2022-01-28 23:58:39+00:00,"@CarlyDMayer Gotcha.  I found an app called Wordler that is a Wordle rip-off, but I like that there are six languages available for me to play.  I do worst in English.",0,1,1
2022-01-28 23:58:39+00:00,"Wordle 223 4/6

â¬œğŸŸ¨â¬œâ¬œğŸŸ¨
â¬œâ¬œğŸŸ¨ğŸŸ¨ğŸŸ¨
ğŸŸ©ğŸŸ¨â¬œğŸŸ¨â¬œ
ğŸŸ©ğŸŸ©ğŸŸ©ğŸŸ©ğŸŸ©",0,0,0
2022-01-28 23:58:38+00:00,"Okay personal confession time, whatâ€™s your Wordle start word? I use RATES",0,43,8
2022-01-28 23:58:38+00:00,"Wordle 223 5/6

â¬œâ¬œğŸŸ¨â¬œğŸŸ¨
ğŸŸ¨â¬œâ¬œâ¬œâ¬œ
â¬œğŸŸ¨â¬œğŸŸ¨â¬œ
ğŸŸ©â¬œğŸŸ¨ğŸŸ¨ğŸŸ¨
ğŸŸ©ğŸŸ©ğŸŸ©ğŸŸ©ğŸŸ©

Why am I playing this???",0,0,0
2022-01-28 23:58:37+00:00,"Wordle 224 4/6

â¬›â¬›ğŸŸ¨ğŸŸ¨â¬›
ğŸŸ©ğŸŸ©â¬›â¬›â¬›
ğŸŸ©ğŸŸ©ğŸŸ©â¬›â¬›
ğŸŸ©ğŸŸ©ğŸŸ©ğŸŸ©ğŸŸ©",0,0,0
2022-01-28 23:58:37+00:00,"Wordle 224 3/6 ğŸ˜

â¬›ğŸŸ¨â¬›ğŸŸ¨â¬›
ğŸŸ¨ğŸŸ©ğŸŸ¨â¬›â¬›
ğŸŸ©ğŸŸ©ğŸŸ©ğŸŸ©ğŸŸ©",0,0,1
2022-01-28 23:58:37+00:00,I just dominated that Wordle game. Youâ€™re just gonna have to take my word for it though.,0,0,1
2022-01-28 23:58:37+00:00,"Wordle (ES) #22 5/6

â¬œğŸŸ©â¬œğŸŸ¨ğŸŸ©
â¬œğŸŸ©ğŸŸ¨â¬œğŸŸ©
ğŸŸ©ğŸŸ©â¬œâ¬œğŸŸ©
ğŸŸ©ğŸŸ©â¬œğŸŸ¨ğŸŸ©
ğŸŸ©ğŸŸ©ğŸŸ©ğŸŸ©ğŸŸ©

https://t.co/qao6eXTI2h",0,0,1
2022-01-28 23:58:36+00:00,"Wordle 223 4/6

ğŸŸ©â¬›â¬›â¬›â¬›
ğŸŸ©â¬›ğŸŸ©â¬›â¬›
ğŸŸ©ğŸŸ©ğŸŸ©â¬›ğŸŸ©
ğŸŸ©ğŸŸ©ğŸŸ©ğŸŸ©ğŸŸ© a little harder today",0,0,0
2022-01-28 23:58:35+00:00,"Wordle 224 6/6

â¬›â¬›â¬›ğŸŸ¨â¬›
â¬›â¬›ğŸŸ¨â¬›â¬›
â¬›â¬›â¬›â¬›â¬›
â¬›â¬›ğŸŸ¨â¬›â¬›
ğŸŸ©ğŸŸ¨ğŸŸ¨ğŸŸ¨ğŸŸ©
ğŸŸ©ğŸŸ©ğŸŸ©ğŸŸ©ğŸŸ©",0,0,0
2022-01-28 23:58:34+00:00,"Wordle 224 3/6

â¬›â¬›â¬›â¬›ğŸŸ¨
ğŸŸ¨â¬›â¬›â¬›â¬›
ğŸŸ©ğŸŸ©ğŸŸ©ğŸŸ©ğŸŸ©

Get absolutely fucked!",0,0,1
2022-01-28 23:58:33+00:00,"Wordle 223 3/6

â¬œâ¬œâ¬œğŸŸ¨ğŸŸ¨
ğŸŸ©ğŸŸ©ğŸŸ©ğŸŸ©â¬œ
ğŸŸ©ğŸŸ©ğŸŸ©ğŸŸ©ğŸŸ©",0,0,0
2022-01-28 23:58:33+00:00,"Wordle 224 5/6

â¬›ğŸŸ¨â¬›â¬›â¬›
ğŸŸ¨ğŸŸ©â¬›ğŸŸ¨â¬›
ğŸŸ¨ğŸŸ©ğŸŸ¨ğŸŸ¨â¬›
â¬›ğŸŸ©ğŸŸ©â¬›ğŸŸ©
ğŸŸ©ğŸŸ©ğŸŸ©ğŸŸ©ğŸŸ©",0,0,0
2022-01-28 23:58:32+00:00,"Wordle 223 4/6

â¬œâ¬œâ¬œâ¬œâ¬œ
â¬œğŸŸ¨ğŸŸ¨â¬œğŸŸ¨
â¬œğŸŸ©ğŸŸ©ğŸŸ©ğŸŸ©
ğŸŸ©ğŸŸ©ğŸŸ©ğŸŸ©ğŸŸ©",0,0,0
2022-01-28 23:58:32+00:00,"The breath I let out when I got this right on the last try eh

Wordle 223 6/6

â¬›ğŸŸ¨ğŸŸ¨â¬›â¬›
ğŸŸ¨â¬›â¬›â¬›ğŸŸ¨
ğŸŸ¨ğŸŸ©â¬›â¬›â¬›
ğŸŸ©ğŸŸ©â¬›ğŸŸ¨â¬›
ğŸŸ©ğŸŸ©ğŸŸ©â¬›â¬›
ğŸŸ©ğŸŸ©ğŸŸ©ğŸŸ©ğŸŸ©",0,0,4
2022-01-28 23:58:32+00:00,"WTAD iz going on?!! #BTWordleClub #PureFluke ğŸ˜³ğŸ¾

Wordle 223 2/6

â¬›ğŸŸ¨â¬›â¬›ğŸŸ¨
ğŸŸ©ğŸŸ©ğŸŸ©ğŸŸ©ğŸŸ©",0,1,8
2022-01-28 23:58:31+00:00,"Wordle (ES) #22 5/6

â¬œâ¬œğŸŸ©ğŸŸ¨ğŸŸ©
â¬œğŸŸ¨ğŸŸ¨ğŸŸ¨â¬œ
ğŸŸ©â¬œğŸŸ©â¬œğŸŸ©
ğŸŸ©ğŸŸ©ğŸŸ©â¬œğŸŸ©
ğŸŸ©ğŸŸ©ğŸŸ©ğŸŸ©ğŸŸ©

https://t.co/UYCSByRlmG",0,0,6
2022-01-28 23:58:31+00:00,"Wordle 224 4/6

â¬›â¬›â¬›â¬›â¬›
â¬›ğŸŸ©ğŸŸ©â¬›â¬›
â¬›ğŸŸ©ğŸŸ©â¬›ğŸŸ©
ğŸŸ©ğŸŸ©ğŸŸ©ğŸŸ©ğŸŸ©",0,1,1
2022-01-28 23:58:31+00:00,"Wordle 224 1/6

ğŸŸ©ğŸŸ©ğŸŸ©ğŸŸ©ğŸŸ©",0,0,4
2022-01-28 23:58:31+00:00,@editor_caro @rreedsing Did we get the same wordle word. My word had an ER in it,0,1,0
2022-01-28 23:58:30+00:00,"Wordle 223 4/6

â¬›â¬›â¬›ğŸŸ¨â¬›
ğŸŸ©â¬›ğŸŸ©â¬›â¬›
ğŸŸ©ğŸŸ©ğŸŸ©â¬›â¬›
ğŸŸ©ğŸŸ©ğŸŸ©ğŸŸ©ğŸŸ©",0,0,0
2022-01-28 23:58:30+00:00,"Wordle 223 4/6

â¬œğŸŸ¨ğŸŸ¨â¬œâ¬œ
â¬œâ¬œâ¬œâ¬œğŸŸ¨
ğŸŸ©ğŸŸ¨â¬œâ¬œğŸŸ¨
ğŸŸ©ğŸŸ©ğŸŸ©ğŸŸ©ğŸŸ©",0,0,0
2022-01-28 23:58:29+00:00,"Wordle 223 3/6

â¬›â¬›ğŸŸ©â¬›â¬›
â¬›â¬›ğŸŸ©â¬›â¬›
ğŸŸ©ğŸŸ©ğŸŸ©ğŸŸ©ğŸŸ©",0,0,0
2022-01-28 23:58:29+00:00,"Wordle 224 5/6

â¬œâ¬œâ¬œâ¬œâ¬œ
â¬œğŸŸ¨ğŸŸ¨â¬œâ¬œ
ğŸŸ¨â¬œğŸŸ©ğŸŸ¨â¬œ
ğŸŸ©ğŸŸ¨ğŸŸ¨ğŸŸ¨ğŸŸ©
ğŸŸ©ğŸŸ©ğŸŸ©ğŸŸ©ğŸŸ©",0,0,0
2022-01-28 23:58:29+00:00,"Wordle 224 6/6

ğŸŸ¨ğŸŸ¨â¬œâ¬œâ¬œ
â¬œğŸŸ©ğŸŸ©â¬œğŸŸ©
â¬œğŸŸ©ğŸŸ©â¬œğŸŸ©
â¬œğŸŸ©ğŸŸ©â¬œğŸŸ©
â¬œğŸŸ©ğŸŸ©â¬œğŸŸ©
ğŸŸ©ğŸŸ©ğŸŸ©ğŸŸ©ğŸŸ©",0,0,0
2022-01-28 23:58:29+00:00,"Wordle 223 5/6

â¬›ğŸŸ¨â¬›â¬›ğŸŸ¨
ğŸŸ¨â¬›â¬›ğŸŸ¨ğŸŸ©
â¬›â¬›ğŸŸ©ğŸŸ¨ğŸŸ©
ğŸŸ©ğŸŸ©ğŸŸ©â¬›ğŸŸ©
ğŸŸ©ğŸŸ©ğŸŸ©ğŸŸ©ğŸŸ©this oneâ€¦ *smh*",0,1,3
2022-01-28 23:58:29+00:00,"Wordle 223 6/6

ğŸŸ¨â¬›ğŸŸ©â¬›â¬›
â¬›â¬›ğŸŸ©â¬›â¬›
â¬›â¬›ğŸŸ©â¬›â¬›
â¬›â¬›ğŸŸ©ğŸŸ¨â¬›
â¬›ğŸŸ©ğŸŸ©â¬›ğŸŸ©
ğŸŸ©ğŸŸ©ğŸŸ©ğŸŸ©ğŸŸ©",0,0,0
2022-01-28 23:58:28+00:00,"Wordle 224 4/6

â¬›â¬›â¬›â¬›â¬›
â¬›â¬›â¬›ğŸŸ¨â¬›
ğŸŸ¨ğŸŸ©ğŸŸ©â¬›â¬›
ğŸŸ©ğŸŸ©ğŸŸ©ğŸŸ©ğŸŸ©",0,1,1
2022-01-28 23:58:27+00:00,"Phew indeed
Wordle 223 6/6

ğŸŸ©â¬œâ¬œâ¬œğŸŸ¨
ğŸŸ©ğŸŸ©â¬œâ¬œâ¬œ
ğŸŸ©â¬œâ¬œğŸŸ¨ğŸŸ¨
ğŸŸ©ğŸŸ©â¬œğŸŸ¨â¬œ
ğŸŸ©ğŸŸ©ğŸŸ©â¬œâ¬œ
ğŸŸ©ğŸŸ©ğŸŸ©ğŸŸ©ğŸŸ©",0,0,0
2022-01-28 23:58:27+00:00,"The real challenge for wordle is to guess what other peopleâ€™s guesses were based on their wordle-grams that they post here.

After doing the wordle for today my guess is @jasongallant led with PARTY...presumably bc itâ€™s Friday https://t.co/44ELTVUhUH",0,1,2
2022-01-28 23:58:27+00:00,"Wordle 224 5/6

â¬œâ¬œâ¬œâ¬œâ¬œ
ğŸŸ¨â¬œâ¬œğŸŸ¨â¬œ
ğŸŸ¨ğŸŸ¨â¬œâ¬œâ¬œ
â¬œğŸŸ©ğŸŸ©â¬œğŸŸ©
ğŸŸ©ğŸŸ©ğŸŸ©ğŸŸ©ğŸŸ© another day, another slay",0,0,1
2022-01-28 23:58:27+00:00,"Wordle 224 X/6

â¬œâ¬œğŸŸ¨ğŸŸ¨â¬œ
ğŸŸ¨ğŸŸ¨â¬œâ¬œâ¬œ
ğŸŸ¨ğŸŸ©ğŸŸ©ğŸŸ¨â¬œ
ğŸŸ¨ğŸŸ©ğŸŸ©â¬œğŸŸ¨
â¬œğŸŸ©ğŸŸ©ğŸŸ©ğŸŸ©
â¬œğŸŸ©ğŸŸ©ğŸŸ©ğŸŸ©",0,0,0
2022-01-28 23:58:27+00:00,"Wordle 224 4/6

â¬›â¬›â¬›â¬›â¬›
â¬›â¬›â¬›â¬›â¬›
â¬›ğŸŸ©ğŸŸ©ğŸŸ©ğŸŸ©
ğŸŸ©ğŸŸ©ğŸŸ©ğŸŸ©ğŸŸ©

wow",0,1,1
2022-01-28 23:58:26+00:00,"Wordle 223 3/6

ğŸŸ©ğŸŸ©â¬›â¬›â¬›
ğŸŸ©â¬›ğŸŸ©â¬›ğŸŸ©
ğŸŸ©ğŸŸ©ğŸŸ©ğŸŸ©ğŸŸ©

first no yellow",0,0,4
2022-01-28 23:58:26+00:00,Itâ€™s time to figure out what wordle is,0,1,0
2022-01-28 23:58:26+00:00,"Wordle 224 5/6

â¬›â¬›â¬›â¬›â¬›
â¬›â¬›â¬›â¬›â¬›
â¬›ğŸŸ¨â¬›ğŸŸ¨â¬›
â¬›ğŸŸ©â¬›ğŸŸ©ğŸŸ©
ğŸŸ©ğŸŸ©ğŸŸ©ğŸŸ©ğŸŸ©",0,1,0
2022-01-28 23:58:26+00:00,"Wordle 224 3/6

â¬œâ¬œâ¬œâ¬œâ¬œ
â¬œğŸŸ©ğŸŸ©â¬œğŸŸ©
ğŸŸ©ğŸŸ©ğŸŸ©ğŸŸ©ğŸŸ©",0,0,0
2022-01-28 23:58:26+00:00,"Wordle 224 4/6*

ğŸŸ¨â¬›â¬›â¬›â¬›
â¬›ğŸŸ¨ğŸŸ¨â¬›ğŸŸ©
â¬›ğŸŸ©ğŸŸ¨â¬›ğŸŸ©
ğŸŸ©ğŸŸ©ğŸŸ©ğŸŸ©ğŸŸ©",0,0,0
2022-01-28 23:58:25+00:00,"Almost didnâ€™t get it this time.

Wordle 223 6/6

â¬›â¬›â¬›â¬›ğŸŸ¨
â¬›ğŸŸ¨ğŸŸ¨â¬›â¬›
ğŸŸ¨â¬›â¬›ğŸŸ¨â¬›
â¬›ğŸŸ©ğŸŸ©â¬›ğŸŸ©
â¬›ğŸŸ©ğŸŸ©â¬›ğŸŸ©
ğŸŸ©ğŸŸ©ğŸŸ©ğŸŸ©ğŸŸ©",0,0,1
2022-01-28 23:58:25+00:00,the church bells ringing at 12 heralds the coming of a new Wordle to solve,0,0,1
2022-01-28 23:58:24+00:00,"Woohoo! ğŸ’ƒ I'm on fire! GM everyone! Hahah

Wordle 224 3/6

â¬œâ¬œğŸŸ¨ğŸŸ©â¬œ
â¬œğŸŸ©ğŸŸ©ğŸŸ©ğŸŸ©
ğŸŸ©ğŸŸ©ğŸŸ©ğŸŸ©ğŸŸ©",0,0,0
2022-01-28 23:58:23+00:00,"Wordle 224 3/6

â¬œâ¬œâ¬œâ¬œğŸŸ©
â¬œğŸŸ©ğŸŸ©ğŸŸ©ğŸŸ©
ğŸŸ©ğŸŸ©ğŸŸ©ğŸŸ©ğŸŸ©

:]",0,0,0
2022-01-28 23:58:23+00:00,"Wordle 223 4/6

â¬›â¬›â¬›ğŸŸ¨â¬›
ğŸŸ¨â¬›ğŸŸ¨ğŸŸ¨â¬›
ğŸŸ©ğŸŸ¨â¬›â¬›â¬›
ğŸŸ©ğŸŸ©ğŸŸ©ğŸŸ©ğŸŸ©",0,0,1
2022-01-28 23:58:22+00:00,"Wordle 224 3/6

â¬›ğŸŸ¨â¬›â¬›ğŸŸ¨
ğŸŸ¨ğŸŸ¨â¬›ğŸŸ¨â¬›
ğŸŸ©ğŸŸ©ğŸŸ©ğŸŸ©ğŸŸ©",0,1,0
2022-01-28 23:58:22+00:00,"@SincerelyTechie I think I am officially addicted.  I woke up just after midnight and couldn't fall back asleep right away, so I went ahead and did the Wordle at 1:00 AM.",0,1,5
2022-01-28 23:58:21+00:00,"Wordle 224 3/6

â¬œâ¬œğŸŸ¨ğŸŸ¨â¬œ
ğŸŸ©ğŸŸ¨ğŸŸ¨ğŸŸ¨ğŸŸ©
ğŸŸ©ğŸŸ©ğŸŸ©ğŸŸ©ğŸŸ©",0,0,0
2022-01-28 23:58:20+00:00,"Do I have alzheimers? is a  game I play to terrify myself. Today I realized that as soon as I finish wordle, I completely forget what the word was. This I bad, right?",0,1,1
2022-01-28 23:58:19+00:00,"Wordle 69420, pls stop this
â¬œğŸŸ©ğŸŸ©ğŸŸ©â¬œâ¬œâ¬œâ¬œâ¬œâ¬œâ¬œâ¬œâ¬œâ¬œ
â¬œğŸŸ©â¬œâ¬œâ¬œâ¬œâ¬œâ¬œâ¬œâ¬œâ¬œğŸŸ©â¬œğŸŸ©
â¬œğŸŸ©ğŸŸ©â¬œğŸŸ©â¬œğŸŸ©â¬œğŸŸ©ğŸŸ©â¬œğŸŸ©ğŸŸ©â¬œ
â¬œğŸŸ©â¬œâ¬œğŸŸ©â¬œğŸŸ©â¬œğŸŸ©â¬œâ¬œğŸŸ©ğŸŸ©â¬œ
â¬œğŸŸ©â¬œâ¬œğŸŸ©ğŸŸ©ğŸŸ©â¬œğŸŸ©ğŸŸ©â¬œğŸŸ©â¬œğŸŸ©

â¬œâ¬œğŸŸ©â¬œâ¬œâ¬œâ¬œğŸŸ©â¬œâ¬œ
â¬œâ¬œğŸŸ©â¬œâ¬œâ¬œâ¬œğŸŸ©â¬œâ¬œ
â¬œâ¬œğŸŸ©â¬œâ¬œâ¬œâ¬œğŸŸ©â¬œâ¬œ
â¬œâ¬œğŸŸ©â¬œâ¬œâ¬œâ¬œğŸŸ©â¬œâ¬œ
â¬œâ¬œâ¬œğŸŸ©ğŸŸ©ğŸŸ©ğŸŸ©â¬œâ¬œâ¬œ",0,1,10
2022-01-28 23:58:18+00:00,"Wordle 223 6/6

â¬œâ¬œâ¬œğŸŸ¨â¬œ
â¬œâ¬œğŸŸ¨â¬œğŸŸ¨
ğŸŸ¨ğŸŸ©â¬œâ¬œâ¬œ
â¬œğŸŸ©ğŸŸ©â¬œâ¬œ
â¬œğŸŸ©ğŸŸ©â¬œâ¬œ
ğŸŸ©ğŸŸ©ğŸŸ©ğŸŸ©ğŸŸ©

glualrahble",0,1,0
2022-01-28 23:58:18+00:00,"Wordle 223 4/6

â¬›â¬›â¬›ğŸŸ¨â¬›
â¬›ğŸŸ©ğŸŸ©â¬›ğŸŸ©
â¬›ğŸŸ©ğŸŸ©ğŸŸ©ğŸŸ©
ğŸŸ©ğŸŸ©ğŸŸ©ğŸŸ©ğŸŸ©",0,0,0
2022-01-28 23:58:18+00:00,"Wordle 223 5/6

â¬œâ¬œâ¬œâ¬œâ¬œ
â¬œâ¬œğŸŸ¨â¬œâ¬œ
â¬œğŸŸ©ğŸŸ©â¬œğŸŸ©
â¬œğŸŸ©ğŸŸ©â¬œğŸŸ©
ğŸŸ©ğŸŸ©ğŸŸ©ğŸŸ©ğŸŸ©",0,0,0
2022-01-28 23:58:17+00:00,"Wordle 224 3/6

â¬œâ¬œâ¬œâ¬œâ¬œ
ğŸŸ©ğŸŸ©ğŸŸ©â¬œâ¬œ
ğŸŸ©ğŸŸ©ğŸŸ©ğŸŸ©ğŸŸ©",0,0,0
2022-01-28 23:58:17+00:00,"Wordle 223 6/6

ğŸŸ©ğŸŸ¨â¬œâ¬œâ¬œ
ğŸŸ©ğŸŸ©â¬œâ¬œâ¬œ
ğŸŸ©ğŸŸ©â¬œâ¬œâ¬œ
ğŸŸ©ğŸŸ©â¬œğŸŸ¨â¬œ
â¬œâ¬œâ¬œğŸŸ¨ğŸŸ¨
ğŸŸ©ğŸŸ©ğŸŸ©ğŸŸ©ğŸŸ©",0,0,0
2022-01-28 23:58:17+00:00,@TaseenIrfan @DesiMcGrady @omarhabib_ @wordle The plot always thickens ğŸ˜ˆ,0,1,1
2022-01-28 23:58:16+00:00,"Wordle 224 4/6

â¬œâ¬œâ¬œğŸŸ¨â¬œ
ğŸŸ©â¬œâ¬œâ¬œâ¬œ
ğŸŸ©ğŸŸ¨ğŸŸ¨ğŸŸ¨ğŸŸ©
ğŸŸ©ğŸŸ©ğŸŸ©ğŸŸ©ğŸŸ©",0,0,0
2022-01-28 23:58:16+00:00,"Mulakan pagi anda dgn wordle &amp; Sweardle ğŸ˜Š

Wordle 224 4/6

â¬›ğŸŸ¨â¬›â¬›ğŸŸ©
ğŸŸ¨ğŸŸ¨ğŸŸ¨â¬›ğŸŸ©
ğŸŸ©ğŸŸ¨ğŸŸ¨ğŸŸ¨ğŸŸ©
ğŸŸ©ğŸŸ©ğŸŸ©ğŸŸ©ğŸŸ©",0,0,0
2022-01-28 23:58:15+00:00,"Wordle 224 X/6
Yeah I am too tired for this atm lol
â¬›ğŸŸ©â¬›â¬›â¬›
ğŸŸ¨ğŸŸ©â¬›ğŸŸ¨â¬›
â¬›ğŸŸ©â¬›â¬›â¬›
ğŸŸ¨ğŸŸ©ğŸŸ©â¬›â¬›
â¬›â¬›â¬›â¬›ğŸŸ¨
â¬›ğŸŸ©ğŸŸ©ğŸŸ©ğŸŸ©",0,0,0
2022-01-28 23:58:15+00:00,"Wordle 223 2/6

ğŸŸ©ğŸŸ©â¬œğŸŸ¨â¬œ
ğŸŸ©ğŸŸ©ğŸŸ©ğŸŸ©ğŸŸ©",0,0,0
2022-01-28 23:58:15+00:00,"Wordle 223 4/6

â¬›â¬›â¬›ğŸŸ©â¬›
ğŸŸ©â¬›â¬›ğŸŸ©ğŸŸ©
ğŸŸ©â¬›ğŸŸ©ğŸŸ©ğŸŸ©
ğŸŸ©ğŸŸ©ğŸŸ©ğŸŸ©ğŸŸ©",0,0,0
2022-01-28 23:58:15+00:00,"Wordle 224 2/6

â¬œğŸŸ¨â¬œâ¬œâ¬œ
ğŸŸ©ğŸŸ©ğŸŸ©ğŸŸ©ğŸŸ©

YOOOI NO FUCKING WAYYY",0,0,2
2022-01-28 23:58:15+00:00,"Wordle 224 6/6

â¬œâ¬œâ¬œâ¬œâ¬œ
â¬œâ¬œâ¬œğŸŸ¨â¬œ
â¬œğŸŸ¨â¬œâ¬œâ¬œ
ğŸŸ©ğŸŸ¨â¬œâ¬œâ¬œ
ğŸŸ©ğŸŸ©ğŸŸ©â¬œâ¬œ
ğŸŸ©ğŸŸ©ğŸŸ©ğŸŸ©ğŸŸ©",0,0,1
2022-01-28 23:58:15+00:00,"Wordle (ES) 224 6/6

â¬›â¬›ğŸŸ¨â¬›ğŸŸ¨
â¬›ğŸŸ¨â¬›ğŸŸ©ğŸŸ¨
â¬›ğŸŸ©ğŸŸ¨ğŸŸ©â¬›
ğŸŸ©ğŸŸ©ğŸŸ©ğŸŸ©â¬›
ğŸŸ©ğŸŸ©ğŸŸ©ğŸŸ©â¬›
ğŸŸ©ğŸŸ©ğŸŸ©ğŸŸ©ğŸŸ©

â¬‡ï¸ â¬‡ï¸ â¬‡ï¸ â¬‡ï¸ â¬‡ï¸
https://t.co/Quxs11TD68
â¬†ï¸ â¬†ï¸ â¬†ï¸ â¬†ï¸ â¬†ï¸

#Wordle #Wordle5 #WordleES #WordleEspaÃ±ol #Wordle224",0,0,0
2022-01-28 23:58:14+00:00,"@MostStrange Wordle 224 4/6
Chasing my tail 
ğŸŸ¨ğŸŸ©â¬›â¬›â¬›
â¬›ğŸŸ©ğŸŸ©ğŸŸ©ğŸŸ©
â¬›ğŸŸ©ğŸŸ©ğŸŸ©ğŸŸ©
ğŸŸ©ğŸŸ©ğŸŸ©ğŸŸ©ğŸŸ©",0,0,1
2022-01-28 23:58:14+00:00,"Wordle 223 4/6

â¬›ğŸŸ¨â¬›ğŸŸ¨â¬›
ğŸŸ¨ğŸŸ©â¬›â¬›â¬›
â¬›ğŸŸ©ğŸŸ©â¬›â¬›
ğŸŸ©ğŸŸ©ğŸŸ©ğŸŸ©ğŸŸ©",0,0,1
2022-01-28 23:58:14+00:00,"@CamArcher Wordle 223 3/6

â¬›ğŸŸ¨â¬›â¬›ğŸŸ¨
ğŸŸ©ğŸŸ©ğŸŸ©ğŸŸ©â¬›
ğŸŸ©ğŸŸ©ğŸŸ©ğŸŸ©ğŸŸ©",0,0,1
2022-01-28 23:58:13+00:00,"Wordle 223 3/6

â¬›ğŸŸ©â¬›â¬›â¬›
â¬›ğŸŸ©ğŸŸ©â¬›â¬›
ğŸŸ©ğŸŸ©ğŸŸ©ğŸŸ©ğŸŸ©",0,0,0
2022-01-28 23:58:13+00:00,"purr
Wordle 224 4/6

â¬›ğŸŸ©ğŸŸ©â¬›â¬›
â¬›ğŸŸ©ğŸŸ©â¬›â¬›
â¬›ğŸŸ©ğŸŸ©ğŸŸ¨â¬›
ğŸŸ©ğŸŸ©ğŸŸ©ğŸŸ©ğŸŸ©",0,1,0
2022-01-28 23:58:13+00:00,Me get wordle rong y y y?,0,1,0
2022-01-28 23:58:12+00:00,"Wordle 224 4/6

â¬›â¬›â¬›â¬›â¬›
â¬›ğŸŸ¨â¬›â¬›â¬›
â¬›ğŸŸ©ğŸŸ©ğŸŸ©ğŸŸ©
ğŸŸ©ğŸŸ©ğŸŸ©ğŸŸ©ğŸŸ©",0,0,2
2022-01-28 23:58:12+00:00,"Wordle 224 3/6

â¬œğŸŸ¨ğŸŸ¨â¬œğŸŸ¨
â¬œğŸŸ©ğŸŸ©ğŸŸ©ğŸŸ©
ğŸŸ©ğŸŸ©ğŸŸ©ğŸŸ©ğŸŸ©",0,0,0
2022-01-28 23:58:12+00:00,"Not a Wordle, just my printers

ğŸ–¨ ğŸ–¨ ğŸ–¨ ğŸ–¨ ğŸ–¨
ğŸ–¨ ğŸ–¨ ğŸ–¨ ğŸ–¨ ğŸ–¨ 
ğŸ–¨ ğŸ–¨ ğŸ–¨ ğŸ–¨ ğŸ–¨
ğŸ–¨ ğŸ–¨ ğŸ–¨ ğŸ–¨ ğŸ–¨
ğŸ–¨ ğŸ–¨ ğŸ–¨ ğŸ–¨ ğŸ–¨",31,18,729
2022-01-28 23:58:12+00:00,"Wordle 224 3/6

â¬›ğŸŸ©ğŸŸ©â¬›ğŸŸ©
ğŸŸ¨ğŸŸ©ğŸŸ©â¬›ğŸŸ©
ğŸŸ©ğŸŸ©ğŸŸ©ğŸŸ©ğŸŸ©",0,0,0
2022-01-28 23:58:12+00:00,"Wordle 224 3/6

â¬œâ¬œğŸŸ¨ğŸŸ¨â¬œ
â¬œğŸŸ©ğŸŸ©â¬œğŸŸ©
ğŸŸ©ğŸŸ©ğŸŸ©ğŸŸ©ğŸŸ©",0,0,2
2022-01-28 23:58:12+00:00,"Wordle 224 4/6

â¬œâ¬œâ¬œâ¬œâ¬œ
ğŸŸ¨ğŸŸ©â¬œâ¬œğŸŸ¨
ğŸŸ©ğŸŸ©ğŸŸ¨â¬œâ¬œ
ğŸŸ©ğŸŸ©ğŸŸ©ğŸŸ©ğŸŸ©",0,0,0
2022-01-28 23:58:11+00:00,"ğŸ’ª Wordle 224 3/6

â¬›â¬›ğŸŸ¨ğŸŸ¨â¬›
ğŸŸ¨â¬›â¬›ğŸŸ©â¬›
ğŸŸ©ğŸŸ©ğŸŸ©ğŸŸ©ğŸŸ©",0,0,0
2022-01-28 23:58:11+00:00,"Wordle 224 4/6

â¬›â¬›â¬›â¬›â¬›
â¬›ğŸŸ©ğŸŸ©â¬›â¬›
ğŸŸ©ğŸŸ©ğŸŸ©â¬›â¬›
ğŸŸ©ğŸŸ©ğŸŸ©ğŸŸ©ğŸŸ©",0,0,0
2022-01-28 23:58:11+00:00,"Wordle 224 6/6

â¬œâ¬œâ¬œâ¬œâ¬œ
â¬œâ¬œğŸŸ¨â¬œâ¬œ
ğŸŸ¨ğŸŸ©â¬œâ¬œâ¬œ
ğŸŸ¨ğŸŸ©ğŸŸ©â¬œâ¬œ
â¬œğŸŸ©ğŸŸ©ğŸŸ©ğŸŸ©
ğŸŸ©ğŸŸ©ğŸŸ©ğŸŸ©ğŸŸ©",0,0,0
2022-01-28 23:58:11+00:00,Am I the only person who doesnâ€™t know what wordle is?,0,6,6
2022-01-28 23:58:11+00:00,"Wordle 223 6/6

â¬œâ¬œâ¬œâ¬œâ¬œ
â¬œâ¬œâ¬œâ¬œğŸŸ¨
â¬œâ¬œâ¬œğŸŸ¨â¬œ
â¬œğŸŸ©ğŸŸ©â¬œğŸŸ©
â¬œğŸŸ©ğŸŸ©ğŸŸ©ğŸŸ©
ğŸŸ©ğŸŸ©ğŸŸ©ğŸŸ©ğŸŸ©",0,0,0
2022-01-28 23:58:09+00:00,@SopranosWorld Josh Wardle invented wordle because some asshole threw an apple at him,0,0,1
2022-01-28 23:58:09+00:00,"Wordle 224 3/6

ğŸŸ¨â¬œâ¬œğŸŸ¨â¬œ
ğŸŸ©â¬œâ¬œğŸŸ©ğŸŸ©
ğŸŸ©ğŸŸ©ğŸŸ©ğŸŸ©ğŸŸ©",0,0,0
2022-01-28 23:58:09+00:00,"Wordle 223 3/6

â¬œğŸŸ©â¬œğŸŸ¨â¬œ
ğŸŸ¨ğŸŸ©â¬œâ¬œğŸŸ©
ğŸŸ©ğŸŸ©ğŸŸ©ğŸŸ©ğŸŸ©",0,7,18
2022-01-28 23:58:09+00:00,"Wordle 224 4/6

â¬œâ¬œâ¬œâ¬œâ¬œ
ğŸŸ©ğŸŸ¨ğŸŸ¨â¬œâ¬œ
ğŸŸ©ğŸŸ©â¬œğŸŸ©â¬œ
ğŸŸ©ğŸŸ©ğŸŸ©ğŸŸ©ğŸŸ©",0,0,0
2022-01-28 23:58:09+00:00,"Wordle 224 4/6

â¬›â¬›â¬›â¬›â¬›
â¬›â¬›ğŸŸ¨â¬›â¬›
â¬›ğŸŸ©ğŸŸ©ğŸŸ©ğŸŸ©
ğŸŸ©ğŸŸ©ğŸŸ©ğŸŸ©ğŸŸ©",0,0,1
2022-01-28 23:58:09+00:00,"Wordle 223 6/6

â¬›â¬›â¬›â¬›â¬›
â¬›â¬›â¬›â¬›ğŸŸ¦
ğŸŸ¦â¬›â¬›â¬›â¬›
â¬›â¬›ğŸŸ¦ğŸŸ¦ğŸŸ¦
ğŸŸ§â¬›ğŸŸ¦ğŸŸ¦ğŸŸ¦
ğŸŸ§ğŸŸ§ğŸŸ§ğŸŸ§ğŸŸ§

This one was rough, but very happy to be 5/5, the goal is 10 in a row, and now that I've put that into the universe, the streak will probably die tomorrow",0,0,0
2022-01-28 23:58:08+00:00,"@Tennesseine Wordle 223 3/6*

â¬›ğŸŸ©â¬›â¬›â¬›
ğŸŸ©â¬›â¬›â¬›ğŸŸ¨
ğŸŸ©ğŸŸ©ğŸŸ©ğŸŸ©ğŸŸ©",0,0,1
2022-01-28 23:58:08+00:00,"Wordle 223 5/6

â¬œğŸŸ¨ğŸŸ¨â¬œâ¬œ
â¬œâ¬œâ¬œâ¬œâ¬œ
â¬œâ¬œğŸŸ¨ğŸŸ¨â¬œ
â¬œğŸŸ©ğŸŸ©ğŸŸ©ğŸŸ©
ğŸŸ©ğŸŸ©ğŸŸ©ğŸŸ©ğŸŸ©",0,0,1
2022-01-28 23:58:08+00:00,"Probably should rethink my strategy so I donâ€™t get consecutive close calls.

Wordle 223 6/6*

â¬›ğŸŸ¨â¬›â¬›â¬›
â¬›â¬›ğŸŸ©ğŸŸ¨â¬›
â¬›ğŸŸ©ğŸŸ©ğŸŸ¨â¬›
â¬›ğŸŸ©ğŸŸ©â¬›ğŸŸ©
ğŸŸ©ğŸŸ©ğŸŸ©â¬›ğŸŸ©
ğŸŸ©ğŸŸ©ğŸŸ©ğŸŸ©ğŸŸ©",0,1,0
2022-01-28 23:58:07+00:00,"Wordle 224 3/6
Back on form...but a bit of a fluke too ğŸ¤£ #wordle224
â¬œâ¬œâ¬œâ¬œâ¬œ
ğŸŸ©â¬œğŸŸ¨â¬œâ¬œ
ğŸŸ©ğŸŸ©ğŸŸ©ğŸŸ©ğŸŸ©",0,0,0
2022-01-28 23:58:07+00:00,"Wordle 224 5/6

â¬›ğŸŸ©â¬›â¬›â¬›
â¬›ğŸŸ©â¬›â¬›ğŸŸ¨
ğŸŸ©ğŸŸ©ğŸŸ¨â¬›â¬›
â¬›ğŸŸ¨â¬›ğŸŸ©ğŸŸ©
ğŸŸ©ğŸŸ©ğŸŸ©ğŸŸ©ğŸŸ©",0,1,0
2022-01-28 23:58:06+00:00,"Wordle 224 4/6

â¬œğŸŸ©â¬œâ¬œâ¬œ
â¬œğŸŸ©ğŸŸ©â¬œğŸŸ©
â¬œğŸŸ©ğŸŸ©ğŸŸ©ğŸŸ©
ğŸŸ©ğŸŸ©ğŸŸ©ğŸŸ©ğŸŸ©",0,0,1
2022-01-28 23:58:06+00:00,not me opening my visa application putting on concentrating music and turning to wordle,0,0,0
2022-01-28 23:58:05+00:00,"Wordle 224 5/6

â¬œğŸŸ¨â¬œâ¬œğŸŸ¨
â¬œğŸŸ©ğŸŸ¨â¬œâ¬œ
ğŸŸ¨ğŸŸ©â¬œğŸŸ¨â¬œ
â¬œğŸŸ©ğŸŸ©â¬œğŸŸ©
ğŸŸ©ğŸŸ©ğŸŸ©ğŸŸ©ğŸŸ©",0,0,0
2022-01-28 23:58:04+00:00,"I'm too powerful

Wordle 223 2/6

â¬›ğŸŸ¨ğŸŸ¨â¬›â¬›
ğŸŸ©ğŸŸ©ğŸŸ©ğŸŸ©ğŸŸ©",0,0,1
2022-01-28 23:58:04+00:00,"Le Mot (@WordleFR) #20 3/6

ğŸŸ©â¬›â¬›â¬›ğŸŸ©
ğŸŸ©â¬›â¬›â¬›ğŸŸ©
ğŸŸ©ğŸŸ©ğŸŸ©ğŸŸ©ğŸŸ©

https://t.co/6BxLxO9Swr",0,0,0
2022-01-28 23:58:04+00:00,"Wordle 224 5/6

â¬›â¬›â¬›â¬›â¬›
â¬›ğŸŸ©ğŸŸ©â¬›ğŸŸ©
â¬›ğŸŸ©ğŸŸ©ğŸŸ©ğŸŸ©
â¬›ğŸŸ©ğŸŸ©ğŸŸ©ğŸŸ©
ğŸŸ©ğŸŸ©ğŸŸ©ğŸŸ©ğŸŸ©",0,1,0
2022-01-28 23:58:04+00:00,"Wordle 224 4/6

â¬œâ¬œâ¬œâ¬œâ¬œ
ğŸŸ¨â¬œâ¬œâ¬œâ¬œ
â¬œğŸŸ©ğŸŸ©â¬œğŸŸ©
ğŸŸ©ğŸŸ©ğŸŸ©ğŸŸ©ğŸŸ©",0,0,0
2022-01-28 23:58:03+00:00,"Wordle 224 4/6

â¬œâ¬œâ¬œâ¬œâ¬œ
ğŸŸ©ğŸŸ©ğŸŸ©â¬œâ¬œ
ğŸŸ©ğŸŸ©ğŸŸ©â¬œâ¬œ
ğŸŸ©ğŸŸ©ğŸŸ©ğŸŸ©ğŸŸ©",0,0,0
2022-01-28 23:58:03+00:00,"im so stupid just like oomf Wordle 224 5/6

â¬œâ¬œâ¬œğŸŸ¨â¬œ
ğŸŸ¨ğŸŸ©ğŸŸ©â¬œâ¬œ
â¬œğŸŸ©ğŸŸ©ğŸŸ©ğŸŸ©
â¬œğŸŸ©ğŸŸ©ğŸŸ©ğŸŸ©
ğŸŸ©ğŸŸ©ğŸŸ©ğŸŸ©ğŸŸ©",0,1,1
2022-01-28 23:58:03+00:00,"Wordle 224 4/6 Seems Iâ€™m going to have a crack at this.  All that scrabble I played with my Grandmother when I was a kid, surely will help. 

â¬œâ¬œâ¬œâ¬œâ¬œ
â¬œâ¬œâ¬œâ¬œâ¬œ
ğŸŸ©ğŸŸ¨ğŸŸ¨ğŸŸ¨ğŸŸ©
ğŸŸ©ğŸŸ©ğŸŸ©ğŸŸ©ğŸŸ©",0,0,1
2022-01-28 23:58:03+00:00,"Wordle (ES) #22 3/6

â¬œâ¬œâ¬œğŸŸ©ğŸŸ¨
â¬œğŸŸ¨ğŸŸ¨ğŸŸ©ğŸŸ¨
ğŸŸ©ğŸŸ©ğŸŸ©ğŸŸ©ğŸŸ©

 https://t.co/oIsy7GuDZb",0,0,0
2022-01-28 23:58:02+00:00,"Wordle 223 4/6

â¬›ğŸŸ¨â¬›â¬›ğŸŸ¨
ğŸŸ¨â¬›â¬›ğŸŸ©â¬›
ğŸŸ©â¬›ğŸŸ©ğŸŸ©ğŸŸ©
ğŸŸ©ğŸŸ©ğŸŸ©ğŸŸ©ğŸŸ©",0,0,0
2022-01-28 23:58:02+00:00,"Wordle 224 6/6

â¬›ğŸŸ¨â¬›â¬›â¬›
â¬›ğŸŸ¨ğŸŸ©â¬›â¬›
â¬›ğŸŸ©ğŸŸ©â¬›ğŸŸ©
â¬›ğŸŸ©ğŸŸ©ğŸŸ©ğŸŸ©
â¬›ğŸŸ©ğŸŸ©ğŸŸ©ğŸŸ©
ğŸŸ©ğŸŸ©ğŸŸ©ğŸŸ©ğŸŸ©",0,1,4
2022-01-28 23:58:02+00:00,"Wordle 223 4/6

â¬›â¬›â¬›ğŸŸ¨â¬›
ğŸŸ©â¬›ğŸŸ¨â¬›â¬›
ğŸŸ©ğŸŸ©ğŸŸ©â¬›â¬›
ğŸŸ©ğŸŸ©ğŸŸ©ğŸŸ©ğŸŸ©",0,0,0
2022-01-28 23:58:02+00:00,"Wordle 224 5/6

ğŸŸ©â¬›â¬›â¬›â¬›
ğŸŸ©ğŸŸ©â¬›â¬›â¬›
ğŸŸ©ğŸŸ©ğŸŸ©â¬›â¬›
ğŸŸ©ğŸŸ©ğŸŸ©â¬›â¬›
ğŸŸ©ğŸŸ©ğŸŸ©ğŸŸ©ğŸŸ©",0,0,0
2022-01-28 23:58:02+00:00,"Wordle 224 3/6

â¬œâ¬œâ¬œâ¬œğŸŸ¨
ğŸŸ©ğŸŸ¨ğŸŸ¨â¬œâ¬œ
ğŸŸ©ğŸŸ©ğŸŸ©ğŸŸ©ğŸŸ©",1,1,0
2022-01-28 23:58:02+00:00,"Wordle (ES) #22 4/6

ğŸŸ¨â¬œğŸŸ©â¬œâ¬œ
â¬œâ¬œğŸŸ¨â¬œğŸŸ¨
â¬œğŸŸ©ğŸŸ©ğŸŸ¨â¬œ
ğŸŸ©ğŸŸ©ğŸŸ©ğŸŸ©ğŸŸ©

https://t.co/gW9Blbz315",0,0,0
2022-01-28 23:58:01+00:00,"Wordle 1 4/6

ğŸŸ¨â¬œğŸŸ¨ğŸŸ¨â¬œ
ğŸŸ¨ğŸŸ¨â¬œâ¬œğŸŸ¨
ğŸŸ©ğŸŸ©â¬œâ¬œğŸŸ©
ğŸŸ©ğŸŸ©ğŸŸ©ğŸŸ©ğŸŸ©",0,0,0
2022-01-28 23:58:01+00:00,"Wordle 224 4/6

ğŸŸ¨â¬›â¬›â¬›â¬›
â¬›ğŸŸ©ğŸŸ©â¬›ğŸŸ©
â¬›ğŸŸ©ğŸŸ©ğŸŸ©ğŸŸ©
ğŸŸ©ğŸŸ©ğŸŸ©ğŸŸ©ğŸŸ©",0,0,0
2022-01-28 23:58:00+00:00,Workday buys Wordle https://t.co/1PhLFJrbOl,3,2,22
2022-01-28 23:58:00+00:00,"Wordle 224 4/6

â¬›â¬›â¬›â¬›â¬›
â¬›â¬›â¬›ğŸŸ¨â¬›
ğŸŸ©ğŸŸ¨ğŸŸ¨ğŸŸ¨ğŸŸ©
ğŸŸ©ğŸŸ©ğŸŸ©ğŸŸ©ğŸŸ©",0,0,0
2022-01-28 23:57:59+00:00,"Wordle 223 3/6

â¬›â¬›ğŸŸ©ğŸŸ¨â¬›
â¬›ğŸŸ©ğŸŸ©ğŸŸ©â¬›
ğŸŸ©ğŸŸ©ğŸŸ©ğŸŸ©ğŸŸ©",0,0,6
2022-01-28 23:57:59+00:00,"Wordle 224 4/6

â¬œâ¬œâ¬œâ¬œâ¬œ
â¬œğŸŸ¨ğŸŸ©â¬œâ¬œ
ğŸŸ¨ğŸŸ©ğŸŸ©â¬œâ¬œ
ğŸŸ©ğŸŸ©ğŸŸ©ğŸŸ©ğŸŸ©",0,0,0
2022-01-28 23:57:58+00:00,"Streak intact after a long day. 

Wordle 223 4/6

â¬›ğŸŸ©â¬›â¬›ğŸŸ¨
â¬›â¬›â¬›â¬›â¬›
ğŸŸ¨ğŸŸ©â¬›â¬›â¬›
ğŸŸ©ğŸŸ©ğŸŸ©ğŸŸ©ğŸŸ©",0,0,0
2022-01-28 23:57:58+00:00,"Wordle 224 4/6*

â¬›ğŸŸ©ğŸŸ¨â¬›â¬›
ğŸŸ©ğŸŸ©â¬›â¬›â¬›
ğŸŸ©ğŸŸ©ğŸŸ©â¬›â¬›
ğŸŸ©ğŸŸ©ğŸŸ©ğŸŸ©ğŸŸ©",0,1,2
2022-01-28 23:57:58+00:00,"Wordle 223 3/6

ğŸŸ©â¬œâ¬œâ¬œâ¬œ
ğŸŸ©ğŸŸ¨â¬œâ¬œâ¬œ
ğŸŸ©ğŸŸ©ğŸŸ©ğŸŸ©ğŸŸ©",0,0,0
2022-01-28 23:57:57+00:00,"Wordle 224 1/6

ğŸŸ©ğŸŸ©ğŸŸ©ğŸŸ©ğŸŸ©",2,0,5
2022-01-28 23:57:57+00:00,"Wordle 224 5/6

â¬œâ¬œâ¬œâ¬œâ¬œ
â¬œğŸŸ¨ğŸŸ¨â¬œâ¬œ
â¬œâ¬œğŸŸ©ğŸŸ©â¬œ
â¬œğŸŸ©ğŸŸ©ğŸŸ©ğŸŸ©
ğŸŸ©ğŸŸ©ğŸŸ©ğŸŸ©ğŸŸ©",0,0,0
2022-01-28 23:57:57+00:00,"Wordle 224 2/6

â¬œâ¬œâ¬œâ¬œğŸŸ©
ğŸŸ©ğŸŸ©ğŸŸ©ğŸŸ©ğŸŸ©",0,0,0
2022-01-28 23:57:56+00:00,"Wordle 223 5/6

â¬œğŸŸ¨â¬œâ¬œâ¬œ
ğŸŸ¨â¬œâ¬œğŸŸ©â¬œ
ğŸŸ©ğŸŸ¨â¬œâ¬œğŸŸ¨
ğŸŸ©ğŸŸ©ğŸŸ©ğŸŸ©â¬œ
ğŸŸ©ğŸŸ©ğŸŸ©ğŸŸ©ğŸŸ©",0,0,2
2022-01-28 23:57:56+00:00,"Not bad, mostly accidential

Wordle 224 3/6

â¬›â¬›â¬›â¬›â¬›
â¬›ğŸŸ©ğŸŸ©â¬›â¬›
ğŸŸ©ğŸŸ©ğŸŸ©ğŸŸ©ğŸŸ©",0,0,3
2022-01-28 23:57:55+00:00,"Wordle 224 4/6

ğŸŸ©â¬œâ¬œâ¬œâ¬œ
ğŸŸ©ğŸŸ¨ğŸŸ¨â¬œâ¬œ
ğŸŸ©ğŸŸ©â¬œğŸŸ©â¬œ
ğŸŸ©ğŸŸ©ğŸŸ©ğŸŸ©ğŸŸ©",0,0,0
2022-01-28 23:57:53+00:00,"Wordle 224 5/6

â¬›â¬›ğŸŸ©ğŸŸ¨â¬›
â¬›ğŸŸ©ğŸŸ©â¬›â¬›
â¬›ğŸŸ©ğŸŸ©â¬›â¬›
ğŸŸ©ğŸŸ©ğŸŸ©ğŸŸ©â¬›
ğŸŸ©ğŸŸ©ğŸŸ©ğŸŸ©ğŸŸ©

https://t.co/m1krEN3hgZ

Was soll das sein???",0,0,0
2022-01-28 23:57:53+00:00,"Wordle 224 4/6

ğŸŸ©ğŸŸ©â¬›â¬›â¬›
â¬›ğŸŸ¨â¬›â¬›â¬›
ğŸŸ¨â¬›â¬›â¬›â¬›
ğŸŸ©ğŸŸ©ğŸŸ©ğŸŸ©ğŸŸ©",0,0,0
2022-01-28 23:57:53+00:00,"Wordle 223 4/6

â¬œâ¬œğŸŸ¨â¬œğŸŸ¨
â¬œâ¬œğŸŸ¨ğŸŸ¨â¬œ
â¬œğŸŸ¨â¬œğŸŸ©ğŸŸ¨
ğŸŸ©ğŸŸ©ğŸŸ©ğŸŸ©ğŸŸ©",0,0,1
2022-01-28 23:57:53+00:00,"Wordle 224 5/6

â¬›ğŸŸ©ğŸŸ©ğŸŸ¨â¬›
ğŸŸ©ğŸŸ©ğŸŸ©â¬›â¬›
â¬›ğŸŸ¨â¬›â¬›â¬›
â¬›ğŸŸ©ğŸŸ©â¬›ğŸŸ©
ğŸŸ©ğŸŸ©ğŸŸ©ğŸŸ©ğŸŸ©",0,1,0
2022-01-28 23:57:53+00:00,"Wordle 223 6/6

â¬œâ¬œâ¬œâ¬œâ¬œ
ğŸŸ©â¬œâ¬œğŸŸ¨â¬œ
ğŸŸ©ğŸŸ¨ğŸŸ¨â¬œâ¬œ
ğŸŸ©â¬œâ¬œğŸŸ¨ğŸŸ¨
ğŸŸ©ğŸŸ©ğŸŸ©â¬œğŸŸ©
ğŸŸ©ğŸŸ©ğŸŸ©ğŸŸ©ğŸŸ©",0,0,2
2022-01-28 23:57:52+00:00,"ğŸ‘€
Wordle 224 4/6

â¬œğŸŸ¨â¬œâ¬œâ¬œ
ğŸŸ¨ğŸŸ©ğŸŸ¨â¬œâ¬œ
ğŸŸ©ğŸŸ©ğŸŸ¨â¬œâ¬œ
ğŸŸ©ğŸŸ©ğŸŸ©ğŸŸ©ğŸŸ©",0,0,0
2022-01-28 23:57:52+00:00,"Wordle (#galego) #23 6/6

â¬œğŸŸ¨ğŸŸ©â¬œğŸŸ¨
ğŸŸ¨â¬œğŸŸ©ğŸŸ¨â¬œ
â¬œğŸŸ©ğŸŸ©â¬œğŸŸ©
ğŸŸ©ğŸŸ©ğŸŸ©â¬œğŸŸ©
ğŸŸ©ğŸŸ©ğŸŸ©â¬œğŸŸ©
ğŸŸ©ğŸŸ©ğŸŸ©ğŸŸ©ğŸŸ©
ğŸ¤¦ğŸ˜¬",0,0,0
2022-01-28 23:57:52+00:00,"Haha nice!  #Wordle 223 6/6

â¬›â¬›â¬›â¬›ğŸŸ©
â¬›â¬›â¬›ğŸŸ©ğŸŸ©
â¬›â¬›â¬›ğŸŸ©ğŸŸ©
â¬›â¬›ğŸŸ©ğŸŸ©ğŸŸ©
â¬›ğŸŸ©ğŸŸ©ğŸŸ©ğŸŸ©
ğŸŸ©ğŸŸ©ğŸŸ©ğŸŸ©ğŸŸ©",0,0,0
2022-01-28 23:57:52+00:00,"@BethMooreLPM This was a tough one! Wordle 223 5/6

â¬œğŸŸ©â¬œâ¬œâ¬œ
â¬œğŸŸ©â¬œâ¬œâ¬œ
ğŸŸ¨ğŸŸ©â¬œâ¬œâ¬œ
â¬œğŸŸ©ğŸŸ©ğŸŸ©ğŸŸ©
ğŸŸ©ğŸŸ©ğŸŸ©ğŸŸ©ğŸŸ©",0,0,0
2022-01-28 23:57:51+00:00,"Wordle 224 4/6

â¬œâ¬œâ¬œâ¬œâ¬œ
â¬œâ¬œğŸŸ¨â¬œâ¬œ
â¬œğŸŸ¨ğŸŸ¨â¬œâ¬œ
ğŸŸ©ğŸŸ©ğŸŸ©ğŸŸ©ğŸŸ©",0,0,0
2022-01-28 23:57:51+00:00,"Wordle 223 5/6 Almost forgot to do it. Note to selfâ€¦not near midnight. The brain is half asleep! ğŸ˜‚

â¬œâ¬œâ¬œğŸŸ¨â¬œ
â¬œğŸŸ¨â¬œğŸŸ¨ğŸŸ¨
â¬œğŸŸ¨ğŸŸ¨â¬œğŸŸ¨
ğŸŸ©â¬œğŸŸ¨ğŸŸ¨ğŸŸ¨
ğŸŸ©ğŸŸ©ğŸŸ©ğŸŸ©ğŸŸ©",0,0,0
2022-01-28 23:57:50+00:00,"Not bad 
Wordle 223 4/6

â¬œâ¬œâ¬œğŸŸ¨â¬œ
â¬œğŸŸ¨ğŸŸ¨ğŸŸ©â¬œ
â¬œğŸŸ©ğŸŸ©ğŸŸ©ğŸŸ©
ğŸŸ©ğŸŸ©ğŸŸ©ğŸŸ©ğŸŸ©",0,0,0
2022-01-28 23:57:49+00:00,"Wordle 224 3/6

â¬œâ¬œâ¬œâ¬œâ¬œ
ğŸŸ©ğŸŸ¨ğŸŸ¨ğŸŸ¨ğŸŸ©
ğŸŸ©ğŸŸ©ğŸŸ©ğŸŸ©ğŸŸ©",0,0,0
2022-01-28 23:57:48+00:00,"Wordle 224 5/6*

â¬œâ¬œâ¬œâ¬œâ¬œ
â¬œâ¬œâ¬œâ¬œğŸŸ¨
â¬œğŸŸ¨ğŸŸ¨ğŸŸ¨â¬œ
ğŸŸ©ğŸŸ©ğŸŸ¨â¬œâ¬œ
ğŸŸ©ğŸŸ©ğŸŸ©ğŸŸ©ğŸŸ©",0,1,2
2022-01-28 23:57:48+00:00,todayâ€™s wordle bouta make me act up ğŸ¥µ,0,0,5
2022-01-28 23:57:47+00:00,"Wordle 223 6/6 

Lmfao this one was hard man.

â¬›ï¸â¬›ï¸â¬›ï¸â¬›ï¸â¬›ï¸
â¬›ï¸â¬›ï¸ğŸŸ©â¬›ï¸â¬›ï¸
â¬›ï¸â¬›ï¸ğŸŸ©ğŸŸ¨â¬›ï¸
â¬›ï¸â¬›ï¸ğŸŸ©â¬›ï¸â¬›ï¸
â¬›ï¸â¬›ï¸â¬›ï¸ğŸŸ¨â¬›ï¸
âœ…âœ…âœ…âœ…âœ…

Just pathetic. I had to pull scraps today looking at my keyboard and luckily it was the answer.",0,1,0
2022-01-28 23:57:47+00:00,"Wordle 224 4/6

â¬›â¬›â¬›â¬›â¬›
â¬›ğŸŸ¨ğŸŸ¨â¬›ğŸŸ¨
ğŸŸ©ğŸŸ¨ğŸŸ¨ğŸŸ¨ğŸŸ©
ğŸŸ©ğŸŸ©ğŸŸ©ğŸŸ©ğŸŸ©",0,1,1
2022-01-28 23:57:47+00:00,"Wordle 223 6/6

â¬›â¬›â¬›â¬›â¬›
â¬›â¬›â¬›â¬›ğŸŸ¨
â¬›â¬›ğŸŸ¨ğŸŸ¨â¬›
ğŸŸ©ğŸŸ©ğŸŸ©â¬›â¬›
ğŸŸ©ğŸŸ©ğŸŸ©ğŸŸ©â¬›
ğŸŸ©ğŸŸ©ğŸŸ©ğŸŸ©ğŸŸ©",0,0,0
2022-01-28 23:57:47+00:00,"Wordle 224 6/6

â¬œğŸŸ©â¬œâ¬œâ¬œ
â¬œğŸŸ¨â¬œâ¬œâ¬œ
â¬œğŸŸ©ğŸŸ©â¬œâ¬œ
â¬œâ¬œğŸŸ¨â¬œâ¬œ
ğŸŸ¨â¬œâ¬œâ¬œâ¬œ
ğŸŸ©ğŸŸ©ğŸŸ©ğŸŸ©ğŸŸ©",0,0,1
2022-01-28 23:57:46+00:00,@ASTR0ZOMBIEZ Iâ€™m new to wordle so Iâ€™m taking notes from these replies âœï¸,0,0,1
2022-01-28 23:57:46+00:00,"Wordle 224 5/6

â¬›â¬›â¬›â¬›â¬›
â¬›ğŸŸ©ğŸŸ©â¬›ğŸŸ©
â¬›ğŸŸ©ğŸŸ©â¬›ğŸŸ©
â¬›ğŸŸ©ğŸŸ©ğŸŸ©ğŸŸ©
ğŸŸ©ğŸŸ©ğŸŸ©ğŸŸ©ğŸŸ©

ğŸ«‚ğŸ«‚ğŸ«‚",0,0,0
2022-01-28 23:57:45+00:00,"Wordle 223 5/6

ğŸŸ©â¬›â¬›â¬›ğŸŸ¨
ğŸŸ©ğŸŸ©â¬›â¬›ğŸŸ©
ğŸŸ©ğŸŸ©â¬›â¬›ğŸŸ©
ğŸŸ©ğŸŸ©â¬›â¬›ğŸŸ©
ğŸŸ©ğŸŸ©ğŸŸ©ğŸŸ©ğŸŸ©",0,1,0
2022-01-28 23:57:45+00:00,"Wordle 224 5/6

â¬œâ¬œâ¬œâ¬œâ¬œ
â¬œğŸŸ¨ğŸŸ¨â¬œâ¬œ
ğŸŸ©ğŸŸ¨â¬œâ¬œğŸŸ©
ğŸŸ©ğŸŸ¨ğŸŸ¨ğŸŸ¨ğŸŸ©
ğŸŸ©ğŸŸ©ğŸŸ©ğŸŸ©ğŸŸ©",0,0,0
2022-01-28 23:57:44+00:00,"Wordle (ES) #22 4/6

â¬œâ¬œğŸŸ¨â¬œğŸŸ©
â¬œğŸŸ©ğŸŸ¨ğŸŸ©ğŸŸ©
â¬œğŸŸ©â¬œğŸŸ©ğŸŸ©
ğŸŸ©ğŸŸ©ğŸŸ©ğŸŸ©ğŸŸ©

 https://t.co/QXbWdAzbYK",0,0,0
2022-01-28 23:57:44+00:00,"Wordle 224 3/6

â¬›ğŸŸ©â¬›ğŸŸ©ğŸŸ©
ğŸŸ©â¬›â¬›ğŸŸ¨â¬›
ğŸŸ©ğŸŸ©ğŸŸ©ğŸŸ©ğŸŸ©",0,0,2
2022-01-28 23:57:44+00:00,"Wordle 223 5/6
Most of them are at 5 ğŸ˜…
â¬œâ¬œğŸŸ¨ğŸŸ¨â¬œ
â¬œâ¬œğŸŸ¨ğŸŸ¨ğŸŸ¨
ğŸŸ©â¬œğŸŸ¨ğŸŸ¨ğŸŸ¨
â¬œğŸŸ¨ğŸŸ¨â¬œğŸŸ¨
ğŸŸ©ğŸŸ©ğŸŸ©ğŸŸ©ğŸŸ©",0,0,0
2022-01-28 23:57:43+00:00,"Wordle 224 5/6 

ğŸŸ¨â¬œâ¬œâ¬œâ¬œ
â¬œğŸŸ¨â¬œâ¬œâ¬œ
â¬œğŸŸ©ğŸŸ©â¬œğŸŸ©
â¬œğŸŸ©ğŸŸ©ğŸŸ©ğŸŸ©
ğŸŸ©ğŸŸ©ğŸŸ©ğŸŸ©ğŸŸ©",0,0,0
2022-01-28 23:57:43+00:00,"@DreamNumberNine Yeah this one was stupid.

Wordle 224 4/6

â¬›ğŸŸ¨ğŸŸ¨â¬›ğŸŸ¨
ğŸŸ¨ğŸŸ©ğŸŸ©â¬›â¬›
â¬›ğŸŸ©ğŸŸ©â¬›ğŸŸ©
ğŸŸ©ğŸŸ©ğŸŸ©ğŸŸ©ğŸŸ©",0,1,0
2022-01-28 23:57:43+00:00,"Wordle 224 4/6

â¬›â¬›â¬›â¬›â¬›
â¬›ğŸŸ©ğŸŸ©â¬›â¬›
ğŸŸ¨ğŸŸ©ğŸŸ©â¬›â¬›
ğŸŸ©ğŸŸ©ğŸŸ©ğŸŸ©ğŸŸ©",0,1,0
2022-01-28 23:57:43+00:00,"Wordle 223 6/6
Phew. Used all 6.

ğŸŸ¨â¬›â¬›â¬›ğŸŸ¨
â¬›â¬›â¬›ğŸŸ¨ğŸŸ¨
â¬›ğŸŸ¨ğŸŸ¨â¬›â¬›
â¬›â¬›ğŸŸ©ğŸŸ¨â¬›
â¬›ğŸŸ©ğŸŸ©ğŸŸ©ğŸŸ©
ğŸŸ©ğŸŸ©ğŸŸ©ğŸŸ©ğŸŸ©",0,0,0
2022-01-28 23:57:42+00:00,"Wordle 224 4/6

â¬›â¬›â¬›â¬›â¬›
ğŸŸ©ğŸŸ¨ğŸŸ¨â¬›â¬›
ğŸŸ©ğŸŸ©ğŸŸ¨â¬›â¬›
ğŸŸ©ğŸŸ©ğŸŸ©ğŸŸ©ğŸŸ©
ğŸ˜â™¥ï¸",0,0,0
2022-01-28 23:57:42+00:00,"Wordle 224 2/6

â¬œğŸŸ¨ğŸŸ¨â¬œâ¬œ
ğŸŸ©ğŸŸ©ğŸŸ©ğŸŸ©ğŸŸ©

ahhhhh",0,0,2
2022-01-28 23:57:42+00:00,"Wordle (ES) #22 5/6

â¬œğŸŸ©â¬œâ¬œâ¬œ
â¬œâ¬œğŸŸ©â¬œâ¬œ
â¬œğŸŸ©ğŸŸ©â¬œğŸŸ©
â¬œâ¬œğŸŸ¨ğŸŸ¨â¬œ
ğŸŸ©ğŸŸ©ğŸŸ©ğŸŸ©ğŸŸ©

https://t.co/cBlPDACc39",0,1,0
2022-01-28 23:57:41+00:00,"@jonkudelka Hate to be this guy, but for anyone not getting  it, JK isnâ€™t actually playing Wordle. Heâ€™s just saying it was easy because he didnâ€™t do it. JK is after all a comic (good Wordle word), sorry cartoonist (damn that one doesnâ€™t fit).",0,0,1
2022-01-28 23:57:41+00:00,"Wordle 224 5/6
not my best work 
â¬›â¬›â¬›â¬›â¬›
â¬›ğŸŸ©â¬›â¬›â¬›
â¬›ğŸŸ©â¬›â¬›â¬›
ğŸŸ©ğŸŸ©â¬›â¬›â¬›
ğŸŸ©ğŸŸ©ğŸŸ©ğŸŸ©ğŸŸ©",0,0,0
2022-01-28 23:57:41+00:00,"Wordle 223 4/6

â¬›ğŸŸ¨â¬›â¬›â¬›
ğŸŸ¨ğŸŸ©â¬›â¬›ğŸŸ©
â¬›ğŸŸ©ğŸŸ©ğŸŸ©ğŸŸ©
ğŸŸ©ğŸŸ©ğŸŸ©ğŸŸ©ğŸŸ©",0,0,0
2022-01-28 23:57:41+00:00,"@CestLaJuliance @WordleFR Le Mot (@WordleFR) #20 4/6

ğŸŸ¨ğŸŸ¨â¬›ğŸŸ¨â¬›
â¬›ğŸŸ©ğŸŸ¨ğŸŸ¨â¬›
â¬›ğŸŸ©ğŸŸ¨ğŸŸ¨ğŸŸ©
ğŸŸ©ğŸŸ©ğŸŸ©ğŸŸ©ğŸŸ©

https://t.co/QEKFhmhA8p
Simple",0,0,1
2022-01-28 23:57:40+00:00,"Wordle 224 5/6

â¬œâ¬œâ¬œâ¬œâ¬œ
â¬œğŸŸ¨ğŸŸ©â¬œâ¬œ
â¬œğŸŸ©ğŸŸ©ğŸŸ©â¬œ
â¬œğŸŸ©ğŸŸ©ğŸŸ©ğŸŸ©
ğŸŸ©ğŸŸ©ğŸŸ©ğŸŸ©ğŸŸ©

the word itself is SO easy i cannot believe i didnâ€™t get it sooner",0,0,2
2022-01-28 23:57:40+00:00,@catherinerusse2 I can honestly say I have never done a wordle and for that I am proud ğŸ˜‚,0,0,3
2022-01-28 23:57:37+00:00,"@SezClom Wordle 224 4/6

Oops

ğŸŸ¨ğŸŸ©â¬›â¬›â¬›
â¬›ğŸŸ©ğŸŸ©ğŸŸ©ğŸŸ©
â¬›ğŸŸ©ğŸŸ©ğŸŸ©ğŸŸ©
ğŸŸ©ğŸŸ©ğŸŸ©ğŸŸ©ğŸŸ©",0,1,1
2022-01-28 23:57:37+00:00,started doing that wordle thing i got yesterdays word ğŸ’ªğŸ½ğŸ’ªğŸ½,0,1,3
2022-01-28 23:57:37+00:00,"Wordle 224 4/6

â¬œâ¬œğŸŸ¨â¬œâ¬œ
ğŸŸ©â¬œğŸŸ¨â¬œâ¬œ
ğŸŸ©ğŸŸ©â¬œâ¬œğŸŸ©
ğŸŸ©ğŸŸ©ğŸŸ©ğŸŸ©ğŸŸ©Phew!!",0,0,1
2022-01-28 23:57:37+00:00,"Wordle 224 5/6

â¬›â¬›ğŸŸ¨â¬›â¬›
ğŸŸ¨ğŸŸ©â¬›ğŸŸ¨â¬›
â¬›ğŸŸ©ğŸŸ¨â¬›ğŸŸ¨
ğŸŸ¨ğŸŸ©â¬›ğŸŸ©â¬›
ğŸŸ©ğŸŸ©ğŸŸ©ğŸŸ©ğŸŸ©",0,1,0
2022-01-28 23:57:36+00:00,"Wordle 224 3/6

ğŸŸ¨â¬›â¬›â¬›â¬›
â¬›ğŸŸ©ğŸŸ©â¬›ğŸŸ©
ğŸŸ©ğŸŸ©ğŸŸ©ğŸŸ©ğŸŸ©",0,0,0
2022-01-28 23:57:36+00:00,"Wordle 224 4/6

â¬›â¬›â¬›â¬›â¬›
â¬›ğŸŸ¨ğŸŸ©â¬›ğŸŸ©
â¬›ğŸŸ©ğŸŸ©ğŸŸ©ğŸŸ©
ğŸŸ©ğŸŸ©ğŸŸ©ğŸŸ©ğŸŸ©",0,0,0
2022-01-28 23:57:36+00:00,"@DraggasGaming Wordle 223 3/6

â¬œâ¬œâ¬œğŸŸ©ğŸŸ¨
ğŸŸ©ğŸŸ©â¬œğŸŸ©ğŸŸ©
ğŸŸ©ğŸŸ©ğŸŸ©ğŸŸ©ğŸŸ©",0,0,1
2022-01-28 23:57:35+00:00,"Wordle 224 5/6

â¬œğŸŸ¨â¬œâ¬œğŸŸ¨
â¬œğŸŸ¨ğŸŸ¨â¬œâ¬œ
ğŸŸ¨ğŸŸ¨â¬œğŸŸ¨â¬œ
â¬œğŸŸ©ğŸŸ©â¬œğŸŸ©
ğŸŸ©ğŸŸ©ğŸŸ©ğŸŸ©ğŸŸ©",0,0,1
2022-01-28 23:57:35+00:00,"Wordle 223 4/6

ğŸŸ©â¬œâ¬œâ¬œâ¬œ
ğŸŸ©â¬œâ¬œâ¬œğŸŸ¨
ğŸŸ©ğŸŸ¨ğŸŸ¨â¬œâ¬œ
ğŸŸ©ğŸŸ©ğŸŸ©ğŸŸ©ğŸŸ©",0,0,0
2022-01-28 23:57:35+00:00,"Wordle 224 4/6*

â¬›â¬›â¬›â¬›â¬›
â¬›â¬›â¬›â¬›â¬›
â¬›ğŸŸ©â¬›ğŸŸ¨â¬›
ğŸŸ©ğŸŸ©ğŸŸ©ğŸŸ©ğŸŸ©",0,0,0
2022-01-28 23:57:34+00:00,"I hate this game lol

Wordle 223 5/6

ğŸŸ©ğŸŸ©â¬›â¬›â¬›
ğŸŸ©ğŸŸ©â¬›â¬›â¬›
ğŸŸ©ğŸŸ©â¬›â¬›â¬›
ğŸŸ©ğŸŸ©â¬›â¬›â¬›
ğŸŸ©ğŸŸ©ğŸŸ©ğŸŸ©ğŸŸ©",0,0,2
2022-01-28 23:57:34+00:00,"Wordle 224 2/6

ğŸŸ©ğŸŸ¨ğŸŸ¨ğŸŸ¨ğŸŸ©
ğŸŸ©ğŸŸ©ğŸŸ©ğŸŸ©ğŸŸ©

Bro?",0,0,0
2022-01-28 23:57:34+00:00,"Le Mot (@WordleFR) #20 5/6

â¬›ğŸŸ¨â¬›ğŸŸ¨â¬›
ğŸŸ¨â¬›ğŸŸ¨â¬›ğŸŸ©
â¬›ğŸŸ©â¬›ğŸŸ¨ğŸŸ©
â¬›ğŸŸ©ğŸŸ©ğŸŸ¨ğŸŸ©
ğŸŸ©ğŸŸ©ğŸŸ©ğŸŸ©ğŸŸ©

https://t.co/VdBchXQxit",0,0,0
2022-01-28 23:57:34+00:00,"Wordle 224 5/6

â¬œâ¬œâ¬œâ¬œâ¬œ
â¬œğŸŸ©â¬œğŸŸ¨â¬œ
ğŸŸ¨ğŸŸ¨ğŸŸ¨â¬œğŸŸ©
ğŸŸ©ğŸŸ¨ğŸŸ¨ğŸŸ¨ğŸŸ©
ğŸŸ©ğŸŸ©ğŸŸ©ğŸŸ©ğŸŸ©
Got there eventually!!",0,0,3
2022-01-28 23:57:33+00:00,"Wordle 223 6/6

â¬›â¬›â¬›â¬›ğŸŸ¨
â¬›â¬›â¬›ğŸŸ¨ğŸŸ¨
ğŸŸ¨ğŸŸ©â¬›â¬›â¬›
â¬›ğŸŸ©â¬›â¬›ğŸŸ¨
â¬›ğŸŸ©ğŸŸ©â¬›ğŸŸ©
ğŸŸ©ğŸŸ©ğŸŸ©ğŸŸ©ğŸŸ©today was not the two piece day",0,1,0
2022-01-28 23:57:33+00:00,"Wordle 223 4/6

â¬œâ¬œâ¬œğŸŸ¨ğŸŸ©
â¬œâ¬œğŸŸ¨â¬œğŸŸ©
â¬œğŸŸ©ğŸŸ©ğŸŸ©ğŸŸ©
ğŸŸ©ğŸŸ©ğŸŸ©ğŸŸ©ğŸŸ©",0,0,1
2022-01-28 23:57:33+00:00,"Sweating it. Wordle 223 6/6

â¬›ğŸŸ¨ğŸŸ¨â¬›â¬›
ğŸŸ¨â¬›â¬›â¬›ğŸŸ¨
â¬›â¬›ğŸŸ©ğŸŸ¨â¬›
â¬›ğŸŸ©ğŸŸ©â¬›ğŸŸ©
â¬›ğŸŸ©ğŸŸ©ğŸŸ©ğŸŸ©
ğŸŸ©ğŸŸ©ğŸŸ©ğŸŸ©ğŸŸ©",0,0,1
2022-01-28 23:57:33+00:00,"Wordle 224 4/6

â¬œâ¬œğŸŸ¨â¬œğŸŸ¨
â¬œğŸŸ¨â¬œâ¬œâ¬œ
â¬œğŸŸ¨ğŸŸ¨ğŸŸ©ğŸŸ©
ğŸŸ©ğŸŸ©ğŸŸ©ğŸŸ©ğŸŸ©",0,0,1
2022-01-28 23:57:32+00:00,"Wordle 224 4/6

â¬›â¬›â¬›â¬›â¬›
â¬›ğŸŸ©â¬›â¬›â¬›
â¬›ğŸŸ©ğŸŸ©â¬›ğŸŸ©
ğŸŸ©ğŸŸ©ğŸŸ©ğŸŸ©ğŸŸ©",0,0,0
2022-01-28 23:57:32+00:00,wordle: so i learned that the 'streak' stops if you miss a day. was on 24 - and this happened on the day i got my first guess-in-2 ... fuxxake ğŸ¤ª,0,0,2
2022-01-28 23:57:32+00:00,yâ€™all hating on wordle for absolutely no reason,0,1,0
2022-01-28 23:57:32+00:00,"Wordle 223 4/6

ğŸŸ©â¬›â¬›â¬›â¬›
ğŸŸ©â¬›â¬›ğŸŸ¨â¬›
ğŸŸ©ğŸŸ©â¬›ğŸŸ©ğŸŸ©
ğŸŸ©ğŸŸ©ğŸŸ©ğŸŸ©ğŸŸ©",0,0,2
2022-01-28 23:57:31+00:00,"Wordle 223 6/6

â¬›ğŸŸ¨â¬›â¬›ğŸŸ¨
ğŸŸ©ğŸŸ¨â¬›â¬›â¬›
ğŸŸ©â¬›ğŸŸ©â¬›ğŸŸ¨
ğŸŸ©ğŸŸ©â¬›ğŸŸ¨â¬›
ğŸŸ©ğŸŸ©ğŸŸ©â¬›ğŸŸ©
ğŸŸ©ğŸŸ©ğŸŸ©ğŸŸ©ğŸŸ©

I swear to godâ€¦.",0,1,4
2022-01-28 23:57:31+00:00,"Wordle 224 4/6

â¬›â¬›â¬›ğŸŸ¨â¬›
â¬›â¬›ğŸŸ¨â¬›â¬›
â¬›ğŸŸ¨â¬›â¬›â¬›
ğŸŸ©ğŸŸ©ğŸŸ©ğŸŸ©ğŸŸ©",0,1,3
2022-01-28 23:57:30+00:00,"Le Mot (@WordleFR) #20 4/6

â¬›ğŸŸ¨ğŸŸ¨ğŸŸ¨â¬›
ğŸŸ©ğŸŸ©ğŸŸ©â¬›â¬›
ğŸŸ©ğŸŸ©ğŸŸ©â¬›â¬›
ğŸŸ©ğŸŸ©ğŸŸ©ğŸŸ©ğŸŸ©

https://t.co/K6sCYQnTQP",0,0,0
2022-01-28 23:57:30+00:00,"Wordle 224 5/6

â¬›â¬›â¬›â¬›â¬›
â¬›â¬›â¬›â¬›â¬›
â¬›ğŸŸ©ğŸŸ©â¬›ğŸŸ©
â¬›ğŸŸ©ğŸŸ©ğŸŸ©ğŸŸ©
ğŸŸ©ğŸŸ©ğŸŸ©ğŸŸ©ğŸŸ©",0,0,0
2022-01-28 23:57:30+00:00,"Wordle 224 5/6

â¬›ğŸŸ¨â¬›â¬›ğŸŸ¨
â¬›â¬›ğŸŸ¨â¬›â¬›
ğŸŸ¨ğŸŸ©ğŸŸ©â¬›â¬›
â¬›ğŸŸ©ğŸŸ©ğŸŸ©ğŸŸ©
ğŸŸ©ğŸŸ©ğŸŸ©ğŸŸ©ğŸŸ©",0,1,0
2022-01-28 23:57:30+00:00,"Back in form!

Wordle 224 3/6

â¬›â¬›â¬›ğŸŸ¨â¬›
ğŸŸ©ğŸŸ©ğŸŸ©â¬›â¬›
ğŸŸ©ğŸŸ©ğŸŸ©ğŸŸ©ğŸŸ©",0,0,1
2022-01-28 23:57:29+00:00,"Wordle 224 3/6

â¬œâ¬œâ¬œâ¬œâ¬œ
ğŸŸ©ğŸŸ¨ğŸŸ¨ğŸŸ¨ğŸŸ©
ğŸŸ©ğŸŸ©ğŸŸ©ğŸŸ©ğŸŸ©",0,0,0
2022-01-28 23:57:29+00:00,"Wordle 223 5/6

â¬œâ¬œâ¬œğŸŸ¨ğŸŸ©
ğŸŸ¨ğŸŸ©â¬œâ¬œğŸŸ©
ğŸŸ©ğŸŸ©â¬œâ¬œğŸŸ©
ğŸŸ©ğŸŸ©ğŸŸ©â¬œğŸŸ©
ğŸŸ©ğŸŸ©ğŸŸ©ğŸŸ©ğŸŸ©",0,0,0
2022-01-28 23:57:29+00:00,@elleduncanESPN I love it.  Wordle.. who cares!,0,0,0
2022-01-28 23:57:28+00:00,"yes, yes I am.

Wordle 223 4/6

â¬œâ¬œâ¬œâ¬œğŸŸ¨
ğŸŸ©ğŸŸ¨â¬œâ¬œâ¬œ
ğŸŸ©â¬œğŸŸ©ğŸŸ©â¬œ
ğŸŸ©ğŸŸ©ğŸŸ©ğŸŸ©ğŸŸ©",0,0,1
2022-01-28 23:57:28+00:00,"bonk
Wordle 223 2/6

ğŸŸ©ğŸŸ¨â¬›â¬›â¬›
ğŸŸ©ğŸŸ©ğŸŸ©ğŸŸ©ğŸŸ©",0,0,1
2022-01-28 23:57:27+00:00,This might be the best Wordle take that I've seen. https://t.co/3MVstH3d0j,0,0,1
2022-01-28 23:57:27+00:00,"Wordle 223 3/6

ğŸŸ©â¬›â¬›â¬›â¬›
ğŸŸ©â¬›â¬›â¬›â¬›
ğŸŸ©ğŸŸ©ğŸŸ©ğŸŸ©ğŸŸ©",0,0,0
2022-01-28 23:57:27+00:00,"Wordle 224 5/6

â¬›ğŸŸ©â¬›ğŸŸ¨â¬›
ğŸŸ¨ğŸŸ©ğŸŸ©â¬›â¬›
â¬›ğŸŸ©ğŸŸ©â¬›ğŸŸ©
â¬›ğŸŸ©ğŸŸ©ğŸŸ©ğŸŸ©
ğŸŸ©ğŸŸ©ğŸŸ©ğŸŸ©ğŸŸ©",0,0,1
2022-01-28 23:57:26+00:00,"Taylordle 0 6/6

â¬œâ¬œâ¬œâ¬œâ¬œ
ğŸŸ©â¬œâ¬œğŸŸ¨â¬œ
ğŸŸ©â¬œâ¬œğŸŸ¨â¬œ
ğŸŸ©ğŸŸ¨â¬œğŸŸ¨â¬œ
ğŸŸ©ğŸŸ©ğŸŸ©â¬œâ¬œ
ğŸŸ©ğŸŸ©ğŸŸ©ğŸŸ©ğŸŸ©
found a taylor wordle but i did so bad",0,0,1
2022-01-28 23:57:26+00:00,"Wordle 224 3/6*

â¬œâ¬œâ¬œâ¬œâ¬œ
â¬œğŸŸ¨ğŸŸ¨â¬œâ¬œ
ğŸŸ©ğŸŸ©ğŸŸ©ğŸŸ©ğŸŸ©",0,0,0
2022-01-28 23:57:25+00:00,"Wordle 223 6/6

â¬›â¬›â¬›â¬›â¬›
â¬›â¬›ğŸŸ¨â¬›ğŸŸ¨
ğŸŸ¨â¬›ğŸŸ¨â¬›â¬›
â¬›ğŸŸ©ğŸŸ©â¬›â¬›
ğŸŸ©ğŸŸ©ğŸŸ©â¬›ğŸŸ©
ğŸŸ©ğŸŸ©ğŸŸ©ğŸŸ©ğŸŸ©almost fucked that up",0,0,0
2022-01-28 23:57:25+00:00,"Wordle 224 4/6

â¬›â¬›â¬›ğŸŸ©â¬›
â¬›â¬›ğŸŸ¨ğŸŸ¨ğŸŸ©
â¬›ğŸŸ©ğŸŸ©ğŸŸ©ğŸŸ©
ğŸŸ©ğŸŸ©ğŸŸ©ğŸŸ©ğŸŸ©",0,0,0
2022-01-28 23:57:25+00:00,"Wordle 224 6/6

â¬œğŸŸ¨â¬œâ¬œğŸŸ¨
ğŸŸ¨ğŸŸ©ğŸŸ©â¬œâ¬œ
â¬œğŸŸ©ğŸŸ©â¬œğŸŸ©
â¬œğŸŸ©ğŸŸ©ğŸŸ©ğŸŸ©
â¬œğŸŸ©ğŸŸ©ğŸŸ©ğŸŸ©
ğŸŸ©ğŸŸ©ğŸŸ©ğŸŸ©ğŸŸ©

Nochmal: Uff!",0,0,0
2022-01-28 23:57:24+00:00,"Wordle 223 4/6

this shit is so fun lmao 

â¬›â¬›â¬›â¬›â¬›
ğŸŸ©â¬›â¬›â¬›â¬›
ğŸŸ©ğŸŸ©ğŸŸ©â¬›ğŸŸ©
ğŸŸ©ğŸŸ©ğŸŸ©ğŸŸ©ğŸŸ©",0,0,0
2022-01-28 23:57:24+00:00,"Wordle 224 4/6

ğŸŸ©â¬›â¬›â¬›â¬›
ğŸŸ©â¬›â¬›â¬›â¬›
ğŸŸ©ğŸŸ¨ğŸŸ¨â¬›â¬›
ğŸŸ©ğŸŸ©ğŸŸ©ğŸŸ©ğŸŸ©",0,3,4
2022-01-28 23:57:24+00:00,"Wordle 223 4/6

â¬œâ¬œâ¬œâ¬œğŸŸ¨
â¬œğŸŸ©ğŸŸ¨â¬œâ¬œ
ğŸŸ©ğŸŸ©ğŸŸ©â¬œâ¬œ
ğŸŸ©ğŸŸ©ğŸŸ©ğŸŸ©ğŸŸ©",0,0,0
2022-01-28 23:57:23+00:00,"Wordle 224 4/6

â¬›â¬›â¬›â¬›â¬›
â¬›ğŸŸ¨â¬›ğŸŸ¨â¬›
ğŸŸ©ğŸŸ¨ğŸŸ¨ğŸŸ¨ğŸŸ©
ğŸŸ©ğŸŸ©ğŸŸ©ğŸŸ©ğŸŸ©",0,0,2
2022-01-28 23:57:23+00:00,"Wordle 224 5/6

â¬›â¬›ğŸŸ¦â¬›â¬›
â¬›ğŸŸ§â¬›â¬›â¬›
â¬›ğŸŸ§â¬›â¬›â¬›
â¬›ğŸŸ§ğŸŸ§â¬›ğŸŸ§
ğŸŸ§ğŸŸ§ğŸŸ§ğŸŸ§ğŸŸ§",0,0,0
2022-01-28 23:57:22+00:00,"Wordle 224 1/6

ğŸŸ©ğŸŸ©ğŸŸ©ğŸŸ©ğŸŸ©
ğŸŸ¥ğŸŸ¥ğŸŸ¥ğŸŸ©ğŸŸ©
ğŸŸ«ğŸŸ«ğŸŸ©ğŸŸ©ğŸŸ«
ğŸŸªğŸŸªğŸŸ¥ğŸŸ©ğŸŸ§
â¬œï¸â¬›ï¸â¬œï¸â¬›ï¸â¬œï¸",0,2,0
2022-01-28 23:57:22+00:00,"Wordle 224 4/6

â¬›ğŸŸ¨ğŸŸ¨â¬›ğŸŸ¨
ğŸŸ¨ğŸŸ©ğŸŸ©â¬›â¬›
â¬›ğŸŸ©ğŸŸ©â¬›ğŸŸ©
ğŸŸ©ğŸŸ©ğŸŸ©ğŸŸ©ğŸŸ©",0,0,1
2022-01-28 23:57:22+00:00,"Wordle 223 4/6

â¬œğŸŸ¨ğŸŸ¨â¬œâ¬œ
ğŸŸ©â¬œâ¬œğŸŸ¨ğŸŸ¨
ğŸŸ©ğŸŸ©ğŸŸ©â¬œâ¬œ
ğŸŸ©ğŸŸ©ğŸŸ©ğŸŸ©ğŸŸ©",0,0,0
2022-01-28 23:57:22+00:00,"Wordle 224 1/6

ğŸŸ©ğŸŸ©ğŸŸ©ğŸŸ©ğŸŸ©",0,0,0
2022-01-28 23:57:22+00:00,"Wordle 223 6/6

â¬›â¬›â¬›â¬›â¬›
â¬›ğŸŸ©â¬›â¬›â¬›
â¬›ğŸŸ¨â¬›â¬›ğŸŸ¨
â¬›ğŸŸ©â¬›â¬›ğŸŸ¨
â¬›ğŸŸ©ğŸŸ©â¬›ğŸŸ©
ğŸŸ©ğŸŸ©ğŸŸ©ğŸŸ©ğŸŸ©
ğŸ˜¬ğŸ˜¬ğŸ˜¬",0,2,2
2022-01-28 23:57:21+00:00,"Wordle 224 4/6

â¬›â¬›â¬›â¬›â¬›
â¬›ğŸŸ©ğŸŸ©â¬›â¬›
â¬›ğŸŸ©ğŸŸ©ğŸŸ¨â¬›
ğŸŸ©ğŸŸ©ğŸŸ©ğŸŸ©ğŸŸ©",0,0,0
2022-01-28 23:57:20+00:00,"Wordle 224 6/6

â¬œâ¬œğŸŸ¨â¬œğŸŸ¨
â¬œâ¬œâ¬œâ¬œâ¬œ
ğŸŸ¨â¬œğŸŸ¨ğŸŸ©â¬œ
ğŸŸ¨ğŸŸ©â¬œğŸŸ©â¬œ
â¬œğŸŸ©ğŸŸ©ğŸŸ©ğŸŸ©
ğŸŸ©ğŸŸ©ğŸŸ©ğŸŸ©ğŸŸ©",0,0,0
2022-01-28 23:57:20+00:00,"Wordle 224 4/6

â¬›â¬›â¬›â¬›ğŸŸ©
â¬›â¬›ğŸŸ©â¬›ğŸŸ©
â¬›ğŸŸ©ğŸŸ©â¬›ğŸŸ©
ğŸŸ©ğŸŸ©ğŸŸ©ğŸŸ©ğŸŸ©",0,0,2
2022-01-28 23:57:20+00:00,"Wordle 223 5/6 - phew, that was close!

â¬œâ¬œâ¬œâ¬œğŸŸ¨
â¬œğŸŸ©â¬œâ¬œâ¬œ
â¬œğŸŸ©â¬œğŸŸ¨ğŸŸ©
ğŸŸ¨ğŸŸ©ğŸŸ¨â¬œğŸŸ©
ğŸŸ©ğŸŸ©ğŸŸ©ğŸŸ©ğŸŸ©",0,0,1
2022-01-28 23:57:18+00:00,"Not Wordle but my GitHub contributions in January

â¬›ï¸â¬›ï¸ğŸŸ©ğŸŸ©â¬›ï¸
â¬›ï¸â¬›ï¸â¬›ï¸â¬›ï¸â¬›ï¸
â¬›ï¸ğŸŸ©â¬›ï¸â¬›ï¸ğŸŸ©
â¬›ï¸â¬›ï¸â¬›ï¸â¬›ï¸â¬›ï¸
â¬›ï¸â¬›ï¸â¬›ï¸ğŸŸ©ğŸŸ©",0,0,0
2022-01-28 23:57:18+00:00,"Wordle 224 4/6

â¬›â¬›ğŸŸ¨â¬›â¬›
â¬›ğŸŸ©â¬›â¬›â¬›
ğŸŸ©ğŸŸ¨ğŸŸ¨ğŸŸ¨ğŸŸ©
ğŸŸ©ğŸŸ©ğŸŸ©ğŸŸ©ğŸŸ©",0,0,0
2022-01-28 23:57:17+00:00,(would love to know how some of the biggest brands in the world are making those annoying â€˜not a wordleâ€™ posts accessible! I doubt they are!),0,0,4
2022-01-28 23:57:17+00:00,"Wordle 223 5/6

â¬›â¬›â¬›â¬›â¬›
â¬›â¬›ğŸŸ©â¬›ğŸŸ¨
â¬›â¬›ğŸŸ©ğŸŸ¨â¬›
ğŸŸ©â¬›ğŸŸ©ğŸŸ¨â¬›
ğŸŸ©ğŸŸ©ğŸŸ©ğŸŸ©ğŸŸ©",0,0,0
2022-01-28 23:57:17+00:00,Lmao SportCenter doggin people who post wordle on twitter ğŸ¤£ğŸ¤£ğŸ¤£,0,0,1
2022-01-28 23:57:17+00:00,"ğŸŸ¨ğŸŸ§â¬œï¸ğŸŸ©ğŸŸªğŸŸ¥ğŸŸ¦
ğŸŸ¨ğŸŸ§â¬œï¸ğŸŸ©ğŸŸªğŸŸ¥ğŸŸ¦
ğŸŸ¨ğŸŸ§â¬œï¸ğŸŸ©ğŸŸªğŸŸ¥ğŸŸ¦
ğŸŸ¨ğŸŸ§â¬œï¸ğŸŸ©ğŸŸªğŸŸ¥ğŸŸ¦
ğŸŸ¦â¬›ï¸ğŸŸªâ¬›ï¸â¬œï¸â¬›ï¸ğŸŸ¨

Not Wordle, just my TV at 3am when I was a kid.",0,0,2
2022-01-28 23:57:16+00:00,3 minutes till the next wordle and then I can go to sleep,0,0,0
2022-01-28 23:57:16+00:00,"Wordle 223 4/6

â¬œğŸŸ¨â¬œâ¬œğŸŸ¨
ğŸŸ©ğŸŸ©ğŸŸ©â¬œâ¬œ
ğŸŸ©ğŸŸ©ğŸŸ©â¬œâ¬œ
ğŸŸ©ğŸŸ©ğŸŸ©ğŸŸ©ğŸŸ©",0,0,0
2022-01-28 23:57:16+00:00,"https://t.co/embSEu6Ore
WORDLEğŸ‡©ğŸ‡ª 362 5/6*

ğŸŸ¨â¬œâ¬œğŸŸ¨â¬œ
â¬œğŸŸ©â¬œâ¬œğŸŸ©
â¬œğŸŸ©ğŸŸ©â¬œğŸŸ©
â¬œğŸŸ©ğŸŸ©ğŸŸ©ğŸŸ©
ğŸŸ©ğŸŸ©ğŸŸ©ğŸŸ©ğŸŸ©",0,0,2
2022-01-28 23:57:15+00:00,"Wordle 224 5/6

â¬œâ¬œâ¬œğŸŸ¨â¬œ
ğŸŸ©ğŸŸ¨ğŸŸ©â¬œâ¬œ
ğŸŸ©ğŸŸ©ğŸŸ©â¬œâ¬œ
ğŸŸ©ğŸŸ©ğŸŸ©â¬œâ¬œ
ğŸŸ©ğŸŸ©ğŸŸ©ğŸŸ©ğŸŸ©",0,0,0
2022-01-28 23:57:14+00:00,"Grrrr....

Wordle 223 4/6

â¬›â¬›ğŸŸ¨â¬›â¬›
ğŸŸ©â¬›â¬›â¬›ğŸŸ¨
ğŸŸ©â¬›â¬›ğŸŸ¨ğŸŸ¨
ğŸŸ©ğŸŸ©ğŸŸ©ğŸŸ©ğŸŸ©",0,0,1
2022-01-28 23:57:14+00:00,"10 minutes until a new Wordle so better get warmed up

PLANK
SHREW
COVID
PARTY
LIARS
BOOZE
COLOR

#wordle",0,0,4
2022-01-28 23:57:14+00:00,"Wordle 224 4/6

â¬œâ¬œğŸŸ¨â¬œâ¬œ
â¬œğŸŸ©ğŸŸ¨â¬œâ¬œ
â¬œğŸŸ©â¬œğŸŸ©â¬œ
ğŸŸ©ğŸŸ©ğŸŸ©ğŸŸ©ğŸŸ©",0,0,0
2022-01-28 23:57:14+00:00,"Wordle 224 5/6

â¬œğŸŸ©â¬œğŸŸ¨â¬œ
â¬œğŸŸ©â¬œğŸŸ¨â¬œ
ğŸŸ¨â¬œâ¬œâ¬œğŸŸ©
ğŸŸ©ğŸŸ©ğŸŸ©â¬œâ¬œ
ğŸŸ©ğŸŸ©ğŸŸ©ğŸŸ©ğŸŸ©",0,0,0
2022-01-28 23:57:13+00:00,"Wordle 224 6/6

â¬›â¬›â¬›â¬›â¬›
ğŸŸ¨â¬›ğŸŸ¨â¬›ğŸŸ©
â¬›ğŸŸ¨ğŸŸ¨â¬›ğŸŸ©
â¬›ğŸŸ©ğŸŸ©ğŸŸ©ğŸŸ©
â¬›ğŸŸ©ğŸŸ©ğŸŸ©ğŸŸ©
ğŸŸ©ğŸŸ©ğŸŸ©ğŸŸ©ğŸŸ©",0,0,0
2022-01-28 23:57:12+00:00,@Fayeqhaque @omarhabib_ @TaseenIrfan @wordle I heard fayeq cheated today,0,1,0
2022-01-28 23:57:12+00:00,omg nearly wordle time,0,2,0
2022-01-28 23:57:11+00:00,"Wordle 224 5/6

ğŸŸ¨â¬œâ¬œâ¬œâ¬œ
â¬œâ¬œâ¬œâ¬œâ¬œ
â¬œğŸŸ©ğŸŸ©ğŸŸ©â¬œ
â¬œğŸŸ©ğŸŸ©ğŸŸ©ğŸŸ©
ğŸŸ©ğŸŸ©ğŸŸ©ğŸŸ©ğŸŸ©",0,0,0
2022-01-28 23:57:11+00:00,"Wordle 223 4/6

â¬œğŸŸ©â¬œğŸŸ¨ğŸŸ©
â¬œâ¬œâ¬œâ¬œâ¬œ
â¬œâ¬œâ¬œâ¬œâ¬œ
ğŸŸ©ğŸŸ©ğŸŸ©ğŸŸ©ğŸŸ©",0,0,0
2022-01-28 23:57:11+00:00,"Wordle 223 2/6

ğŸŸ¨ğŸŸ©â¬›ğŸŸ¨â¬›
ğŸŸ©ğŸŸ©ğŸŸ©ğŸŸ©ğŸŸ©

Iâ€™ve joined the horde",0,0,1
2022-01-28 23:57:11+00:00,"SUTOM #22 4/6

ğŸŸ¥ğŸŸ¦ğŸŸ¦ğŸŸ¡ğŸŸ¦ğŸŸ¡
ğŸŸ¥ğŸŸ¦ğŸŸ¥ğŸŸ¡ğŸŸ¦ğŸŸ¡
ğŸŸ¥ğŸŸ¦ğŸŸ¥ğŸŸ¡ğŸŸ¡ğŸŸ¦
ğŸŸ¥ğŸŸ¥ğŸŸ¥ğŸŸ¥ğŸŸ¥ğŸŸ¥

https://t.co/TJy3aCWkqn

Wordle 224 4/6

â¬›â¬›â¬›ğŸŸ¨â¬›
ğŸŸ¨â¬›ğŸŸ¨â¬›â¬›
â¬›ğŸŸ©ğŸŸ©ğŸŸ©ğŸŸ©
ğŸŸ©ğŸŸ©ğŸŸ©ğŸŸ©ğŸŸ©",0,0,0
2022-01-28 23:57:11+00:00,"@ElaineKriz1 Elaine, did you do todayâ€™s WORDLE?  Iâ€™m really enjoying this PERKY little game.  â¤ï¸",0,1,0
2022-01-28 23:57:10+00:00,"Wordle 223 3/6

ğŸŸ©â¬œâ¬œâ¬œğŸŸ¨
ğŸŸ©ğŸŸ©â¬œâ¬œâ¬œ
ğŸŸ©ğŸŸ©ğŸŸ©ğŸŸ©ğŸŸ©",0,0,1
2022-01-28 23:57:10+00:00,"Wordle 224 3/6

â¬œâ¬œâ¬œğŸŸ¨â¬œ
ğŸŸ©â¬œâ¬œğŸŸ¨â¬œ
ğŸŸ©ğŸŸ©ğŸŸ©ğŸŸ©ğŸŸ©",0,0,1
2022-01-28 23:57:10+00:00,"Wordle 224 6/6

â¬›â¬›â¬›ğŸŸ¨â¬›
â¬›ğŸŸ¨â¬›ğŸŸ¨â¬›
â¬›ğŸŸ©ğŸŸ©â¬›â¬›
â¬›â¬›â¬›â¬›â¬›
â¬›ğŸŸ©â¬›ğŸŸ©ğŸŸ©
ğŸŸ©ğŸŸ©ğŸŸ©ğŸŸ©ğŸŸ©",0,0,0
2022-01-28 23:57:10+00:00,"Wordle 224 5/6

â¬œâ¬œâ¬œâ¬œâ¬œ
â¬œâ¬œğŸŸ¨â¬œğŸŸ¨
ğŸŸ©ğŸŸ©â¬œâ¬œâ¬œ
ğŸŸ©ğŸŸ©ğŸŸ©â¬œâ¬œ
ğŸŸ©ğŸŸ©ğŸŸ©ğŸŸ©ğŸŸ©",0,0,0
2022-01-28 23:57:10+00:00,"@groovy_chi @Dominic2306 Genuinely, it is all really serious in terms of democracy. But in amongst it all, the sheer idiocy shines through.  I can see the @DailyMirror front page Wordle mock up for redacted report already @fleetstreetfox @REWearmouth @Mirror_Editor.",0,2,0
2022-01-28 23:57:10+00:00,"â¦@taniakindersleyâ© . Wordle 223 1/6

ğŸŸ©ğŸŸ©ğŸŸ©ğŸŸ©ğŸŸ©",0,6,3
2022-01-28 23:57:09+00:00,"Wordle 224 5/6

â¬›â¬›ğŸŸ¨â¬›â¬›
â¬›ğŸŸ¨ğŸŸ¨â¬›â¬›
â¬›ğŸŸ¨ğŸŸ¨â¬›ğŸŸ©
â¬›ğŸŸ©ğŸŸ¨â¬›ğŸŸ©
ğŸŸ©ğŸŸ©ğŸŸ©ğŸŸ©ğŸŸ©",0,1,0
2022-01-28 23:57:09+00:00,"Wordle 224 4/6

â¬œğŸŸ¨ğŸŸ©â¬œâ¬œ
â¬œğŸŸ©ğŸŸ©â¬œğŸŸ©
â¬œğŸŸ©ğŸŸ©ğŸŸ©ğŸŸ©
ğŸŸ©ğŸŸ©ğŸŸ©ğŸŸ©ğŸŸ©",0,0,0
2022-01-28 23:57:09+00:00,"Wordle 223 5/6

â¬œğŸŸ¨ğŸŸ¨â¬œâ¬œ
â¬œâ¬œâ¬œğŸŸ¨ğŸŸ¨
ğŸŸ¨ğŸŸ©â¬œâ¬œâ¬œ
â¬œğŸŸ©ğŸŸ©ğŸŸ©ğŸŸ©
ğŸŸ©ğŸŸ©ğŸŸ©ğŸŸ©ğŸŸ©",0,0,0
2022-01-28 23:57:08+00:00,"Wordle 223 3/6

ğŸŸ¨ğŸŸ©â¬›ğŸŸ©â¬›
ğŸŸ©ğŸŸ©â¬›ğŸŸ©ğŸŸ©
ğŸŸ©ğŸŸ©ğŸŸ©ğŸŸ©ğŸŸ©",0,0,0
2022-01-28 23:57:08+00:00,"Wordle 224 4/6

â¬œâ¬œâ¬œâ¬œâ¬œ
â¬œğŸŸ©ğŸŸ©â¬œğŸŸ©
â¬œğŸŸ©ğŸŸ©ğŸŸ©ğŸŸ©
ğŸŸ©ğŸŸ©ğŸŸ©ğŸŸ©ğŸŸ©",0,0,0
2022-01-28 23:57:08+00:00,"Wordle 224 4/6

almost 3/6 ğŸ˜­ğŸ˜­

â¬œâ¬œâ¬œâ¬œâ¬œ
â¬œğŸŸ©â¬œâ¬œâ¬œ
â¬œğŸŸ©ğŸŸ©ğŸŸ©ğŸŸ©
ğŸŸ©ğŸŸ©ğŸŸ©ğŸŸ©ğŸŸ©",0,0,1
2022-01-28 23:57:08+00:00,"Wordle 224 4/6

â¬›â¬›â¬›â¬›â¬›
ğŸŸ¨ğŸŸ©â¬›â¬›â¬›
â¬›ğŸŸ©ğŸŸ©ğŸŸ©ğŸŸ©
ğŸŸ©ğŸŸ©ğŸŸ©ğŸŸ©ğŸŸ©",0,0,0
2022-01-28 23:57:07+00:00,"Wordle 223 4/6

â¬›â¬›â¬›â¬›â¬›
â¬›ğŸŸ©â¬›ğŸŸ¨â¬›
ğŸŸ¨ğŸŸ©ğŸŸ¨â¬›â¬›
ğŸŸ©ğŸŸ©ğŸŸ©ğŸŸ©ğŸŸ©

This took me fucking forever",0,0,2
2022-01-28 23:57:07+00:00,"@Kurisukurinchi Wordle 223 5/6

ğŸŸ¨â¬œâ¬œâ¬œâ¬œ
â¬œğŸŸ¨ğŸŸ¨â¬œğŸŸ¨
â¬œâ¬œâ¬œğŸŸ¨ğŸŸ¨
ğŸŸ©ğŸŸ©ğŸŸ©ğŸŸ©â¬œ
ğŸŸ©ğŸŸ©ğŸŸ©ğŸŸ©ğŸŸ©
With 4 mins to spare",0,0,0
2022-01-28 23:57:07+00:00,"Wordle 223 3/6

â¬›ğŸŸ¨â¬›â¬›â¬›
â¬›ğŸŸ¨â¬›â¬›ğŸŸ¨
ğŸŸ©ğŸŸ©ğŸŸ©ğŸŸ©ğŸŸ©",0,0,0
2022-01-28 23:57:07+00:00,"I almost didnâ€™t get this one
Wordle 223 6/6

â¬›ğŸŸ¨ğŸŸ¨â¬›â¬›
ğŸŸ¨ğŸŸ©â¬›â¬›â¬›
â¬›ğŸŸ©ğŸŸ©â¬›â¬›
â¬›ğŸŸ©ğŸŸ©â¬›ğŸŸ©
ğŸŸ©ğŸŸ©ğŸŸ©â¬›ğŸŸ©
ğŸŸ©ğŸŸ©ğŸŸ©ğŸŸ©ğŸŸ©",0,0,0
2022-01-28 23:57:07+00:00,"Wordle 223 5/6

â¬œğŸŸ¨ğŸŸ¨â¬œâ¬œ
â¬œâ¬œâ¬œğŸŸ¨ğŸŸ¨
â¬œğŸŸ©ğŸŸ©â¬œâ¬œ
â¬œğŸŸ©ğŸŸ©ğŸŸ©ğŸŸ©
ğŸŸ©ğŸŸ©ğŸŸ©ğŸŸ©ğŸŸ©",0,1,0
2022-01-28 23:57:07+00:00,"Wordle 223 X/6

â¬œğŸŸ¨â¬œâ¬œâ¬œ
â¬œâ¬œâ¬œâ¬œğŸŸ¨
ğŸŸ¨ğŸŸ©â¬œğŸŸ¨â¬œ
ğŸŸ¨ğŸŸ©â¬œâ¬œâ¬œ
â¬œğŸŸ¨â¬œâ¬œğŸŸ©
ğŸŸ©ğŸŸ¨ğŸŸ¨ğŸŸ¨â¬œ",0,0,0
2022-01-28 23:57:07+00:00,"Wordle 223 4/6

â¬œğŸŸ¨â¬œâ¬œğŸŸ¨
ğŸŸ¨ğŸŸ©ğŸŸ¨â¬œğŸŸ©
ğŸŸ©ğŸŸ©ğŸŸ©â¬œğŸŸ©
ğŸŸ©ğŸŸ©ğŸŸ©ğŸŸ©ğŸŸ©",0,0,0
2022-01-28 23:57:06+00:00,"Wordle 224 5/6

â¬›â¬›â¬›ğŸŸ¨â¬›
ğŸŸ¨ğŸŸ©â¬›ğŸŸ¨â¬›
â¬›ğŸŸ©ğŸŸ©â¬›ğŸŸ©
â¬›ğŸŸ©ğŸŸ©ğŸŸ©ğŸŸ©
ğŸŸ©ğŸŸ©ğŸŸ©ğŸŸ©ğŸŸ©",0,0,0
2022-01-28 23:57:05+00:00,"Wordle 224 4/6

ğŸŸ©ğŸŸ©ğŸŸ©â¬œâ¬œ
ğŸŸ©ğŸŸ©ğŸŸ©â¬œâ¬œ
ğŸŸ©ğŸŸ©ğŸŸ©â¬œâ¬œ
ğŸŸ©ğŸŸ©ğŸŸ©ğŸŸ©ğŸŸ©",0,0,3
2022-01-28 23:57:04+00:00,"Wordle 224 2/6

â¬›ğŸŸ©â¬›â¬›â¬›
ğŸŸ©ğŸŸ©ğŸŸ©ğŸŸ©ğŸŸ©

how did i do that",0,0,0
2022-01-28 23:57:03+00:00,"Wordle 223 5/6

â¬›â¬›â¬›ğŸŸ¨â¬›
â¬›â¬›â¬›ğŸŸ¨ğŸŸ©
ğŸŸ¨ğŸŸ©â¬›ğŸŸ¨â¬›
ğŸŸ©ğŸŸ©ğŸŸ©ğŸŸ©â¬›
ğŸŸ©ğŸŸ©ğŸŸ©ğŸŸ©ğŸŸ©

ğŸ˜’ğŸ˜’ğŸ˜’",0,0,0
2022-01-28 23:57:02+00:00,"Wordle 223 4/6

â¬œâ¬œâ¬œâ¬œğŸŸ¨
â¬œâ¬œâ¬œğŸŸ¨ğŸŸ¨
â¬œğŸŸ©ğŸŸ©â¬œğŸŸ©
ğŸŸ©ğŸŸ©ğŸŸ©ğŸŸ©ğŸŸ©",0,0,0
2022-01-28 23:57:02+00:00,"Wordle 224 6/6

â¬œâ¬œâ¬œâ¬œâ¬œ
â¬œâ¬œâ¬œâ¬œğŸŸ¨
â¬œğŸŸ¨ğŸŸ¨â¬œğŸŸ©
â¬œğŸŸ¨ğŸŸ¨ğŸŸ©ğŸŸ©
â¬œğŸŸ©ğŸŸ©ğŸŸ©ğŸŸ©
ğŸŸ©ğŸŸ©ğŸŸ©ğŸŸ©ğŸŸ©",0,0,0
2022-01-28 23:57:00+00:00,"Wordle 224 5/6

â¬›â¬›â¬›â¬›â¬›
ğŸŸ¨ğŸŸ¨â¬›â¬›â¬›
â¬›â¬›â¬›ğŸŸ¨â¬›
ğŸŸ©ğŸŸ¨ğŸŸ¨ğŸŸ¨ğŸŸ©
ğŸŸ©ğŸŸ©ğŸŸ©ğŸŸ©ğŸŸ©",0,0,1
2022-01-28 23:56:59+00:00,The second best part about wordle is revealing which of your friends is colorblind,0,1,3
2022-01-28 23:56:59+00:00,@disco_socialist Why do they call it wordle when its just squares?,0,0,0
2022-01-28 23:56:59+00:00,"@WordleEBW 

Wordle 224 3/6

â¬œğŸŸ©ğŸŸ©â¬œâ¬œ
ğŸŸ©ğŸŸ©ğŸŸ©â¬œâ¬œ
ğŸŸ©ğŸŸ©ğŸŸ©ğŸŸ©ğŸŸ©",0,0,0
2022-01-28 23:56:59+00:00,"Ouch. Came down to a 50/50 for 3/6. No regrets 

Wordle 224 4/6

â¬›â¬›â¬›â¬›â¬›
â¬›ğŸŸ©ğŸŸ©â¬›ğŸŸ©
â¬›ğŸŸ©ğŸŸ©ğŸŸ©ğŸŸ©
ğŸŸ©ğŸŸ©ğŸŸ©ğŸŸ©ğŸŸ©",0,1,0
2022-01-28 23:56:59+00:00,"Wordle 224 3/6*

â¬œâ¬œâ¬œâ¬œâ¬œ
â¬œğŸŸ©ğŸŸ©â¬œğŸŸ©
ğŸŸ©ğŸŸ©ğŸŸ©ğŸŸ©ğŸŸ©",1,0,3
2022-01-28 23:56:58+00:00,"Thatâ€™s what I get for doing it at the end of a Friday. My brain couldnâ€™t do it! #Wordle 223 6/6

â¬œâ¬œâ¬œâ¬œâ¬œ
ğŸŸ©â¬œâ¬œâ¬œğŸŸ¨
ğŸŸ©â¬œğŸŸ¨ğŸŸ¨â¬œ
ğŸŸ©ğŸŸ¨ğŸŸ©ğŸŸ¨â¬œ
ğŸŸ©ğŸŸ©ğŸŸ©â¬œğŸŸ©
ğŸŸ©ğŸŸ©ğŸŸ©ğŸŸ©ğŸŸ©",0,0,0
2022-01-28 23:56:58+00:00,"the duality of wordle

WORDLEğŸ‡©ğŸ‡ª 362 5/6

â¬›ğŸŸ¨â¬›ğŸŸ¨â¬›
â¬›ğŸŸ©ğŸŸ©ğŸŸ©ğŸŸ©
â¬›ğŸŸ©ğŸŸ©ğŸŸ©ğŸŸ©
â¬›ğŸŸ©ğŸŸ©ğŸŸ©ğŸŸ©
ğŸŸ©ğŸŸ©ğŸŸ©ğŸŸ©ğŸŸ©
 
Wordle 224 2/6 ğŸ‘ˆ english

ğŸŸ¨â¬›â¬›â¬›â¬›
ğŸŸ©ğŸŸ©ğŸŸ©ğŸŸ©ğŸŸ©",0,0,8
2022-01-28 23:56:58+00:00,"Wordle 223 4/6

â¬›â¬›â¬›â¬›â¬›
â¬›â¬›ğŸŸ©â¬›â¬›
â¬›â¬›ğŸŸ©â¬›ğŸŸ¨
ğŸŸ©ğŸŸ©ğŸŸ©ğŸŸ©ğŸŸ©",0,0,0
2022-01-28 23:56:57+00:00,"Would have... #Wordle #wordle224 5/6

â¬›â¬›â¬›â¬›â¬›
â¬›ğŸŸ©â¬›â¬›â¬›
â¬›ğŸŸ©ğŸŸ©â¬›â¬›
â¬›ğŸŸ©ğŸŸ©ğŸŸ©ğŸŸ©
ğŸŸ©ğŸŸ©ğŸŸ©ğŸŸ©ğŸŸ©",0,0,0
2022-01-28 23:56:57+00:00,"Wordle number ?????
ğŸŸ¥ğŸŸ¥ğŸŸ¥ğŸŸ¥ğŸŸ¥
ğŸŸ¥ğŸŸ¦ğŸŸ¦ğŸŸ¦ğŸŸ¥
ğŸŸ¥ğŸŸ¦ğŸŸ¦ğŸŸ¦ğŸŸ¥
ğŸŸ¥ğŸŸ¥ğŸŸ¥ğŸŸ¥ğŸŸ¥
ğŸŸ¥ğŸŸ¥ğŸŸ¥ğŸŸ¥ğŸŸ¥
ğŸŸ¥ğŸŸ¥     ğŸŸ¥ğŸŸ¥
ğŸŸ¥ğŸŸ¥     ğŸŸ¥ğŸŸ¥",0,1,2
2022-01-28 23:56:56+00:00,Lol Iâ€™m with Elle Duncanâ€¦..WTF IS WORDLE ğŸ¤£ğŸ¤£ğŸ¤£ğŸ¤£,0,0,0
2022-01-28 23:56:56+00:00,"Here we go â€¦ another addiction ğŸ¤·ğŸ»â€â™‚ï¸.   Wordle 224 5/6

â¬›â¬›â¬›â¬›â¬›
â¬›ğŸŸ¨â¬›ğŸŸ©â¬›
ğŸŸ©â¬›â¬›ğŸŸ©â¬›
ğŸŸ©ğŸŸ©â¬›ğŸŸ©â¬›
ğŸŸ©ğŸŸ©ğŸŸ©ğŸŸ©ğŸŸ©",0,0,1
2022-01-28 23:56:56+00:00,The only time youâ€™ll see me sharing anything Wordle-related on Twitter. https://t.co/1TM58KlxDA,0,0,2
2022-01-28 23:56:55+00:00,5 minutes left before Twitter becomes very dull for dyslexics. #Wordle,2,13,90
2022-01-28 23:56:55+00:00,"Wordle 223 5/6

â¬›ğŸŸ©â¬›ğŸŸ¨ğŸŸ©
ğŸŸ¨ğŸŸ©â¬›â¬›ğŸŸ©
â¬›â¬›ğŸŸ©ğŸŸ¨ğŸŸ©
â¬›ğŸŸ©ğŸŸ©ğŸŸ©ğŸŸ©
ğŸŸ©ğŸŸ©ğŸŸ©ğŸŸ©ğŸŸ©",0,0,0
2022-01-28 23:56:55+00:00,"Wordle 223 3/6

â¬›ğŸŸ¨â¬›â¬›ğŸŸ¨
â¬›â¬›ğŸŸ¨ğŸŸ¨ğŸŸ¨
ğŸŸ©ğŸŸ©ğŸŸ©ğŸŸ©ğŸŸ©

Easy one today!",0,2,0
2022-01-28 23:56:53+00:00,"Wordle 223 5/6

â¬œâ¬œâ¬œğŸŸ¨â¬œ
ğŸŸ¨â¬œğŸŸ¨â¬œğŸŸ©
â¬œğŸŸ©ğŸŸ©â¬œğŸŸ©
â¬œğŸŸ©ğŸŸ©â¬œğŸŸ©
ğŸŸ©ğŸŸ©ğŸŸ©ğŸŸ©ğŸŸ©",0,0,0
2022-01-28 23:56:53+00:00,"Wordle 224 3/6

ğŸ˜

â¬œğŸŸ©â¬œâ¬œâ¬œ
â¬œğŸŸ©â¬œâ¬œâ¬œ
ğŸŸ©ğŸŸ©ğŸŸ©ğŸŸ©ğŸŸ©",0,0,2
2022-01-28 23:56:53+00:00,Just spent 10 mins doing the wordle that Iâ€™d already done today and got it in the same amount of guesses. What an idiot. Friday night rock n roll.,0,0,1
2022-01-28 23:56:53+00:00,"Wordle 223 5/6

â¬›â¬›â¬›â¬›ğŸŸ¨
â¬›ğŸŸ¨â¬›ğŸŸ©ğŸŸ¨
ğŸŸ¨ğŸŸ©â¬›ğŸŸ©â¬›
â¬›â¬›ğŸŸ©ğŸŸ©ğŸŸ©
ğŸŸ©ğŸŸ©ğŸŸ©ğŸŸ©ğŸŸ©

mann",0,2,3
2022-01-28 23:56:53+00:00,"@VK2CSW @Peter_Fitz @BilliFitzSimons Oh come on ... overeacting much? It's just a harmless bit of fun ... a fad that will run it's course as these things always do ... just scroll past and get on with your day ... btw ... here's mine ğŸ˜‰
Wordle 224 4/6

â¬œğŸŸ©ğŸŸ©â¬œâ¬œ
â¬œğŸŸ©ğŸŸ©â¬œğŸŸ©
â¬œğŸŸ©ğŸŸ©â¬œğŸŸ©
ğŸŸ©ğŸŸ©ğŸŸ©ğŸŸ©ğŸŸ©",0,0,6
2022-01-28 23:56:52+00:00,Cant believe i had a long ass dream of being in an episode of schitts creek and playing an rpdr themed wordle,0,0,2
2022-01-28 23:56:52+00:00,"Wordle 224 3/6

â¬›â¬›â¬›â¬›â¬›
â¬›â¬›ğŸŸ©ğŸŸ©â¬›
ğŸŸ©ğŸŸ©ğŸŸ©ğŸŸ©ğŸŸ©",0,0,0
2022-01-28 23:56:52+00:00,"Wordle 224 5/6

â¬œğŸŸ¨ğŸŸ¨â¬œğŸŸ¨
ğŸŸ¨ğŸŸ©ğŸŸ©â¬œâ¬œ
â¬œâ¬œâ¬œğŸŸ¨â¬œ
â¬œğŸŸ©ğŸŸ©â¬œğŸŸ©
ğŸŸ©ğŸŸ©ğŸŸ©ğŸŸ©ğŸŸ©",0,0,1
